Datum (Ortszeit);Stunde des Tages (Ortszeit);Vollst√§ndigkeit;ZScore_Det0;ZScore_Det1;ZScore_Det2;hist_cor;localTime;month;qkfz;qlkw;qpkw;utc;vkfz;vlkw;vpkw
2023-09-01;0;100.00;0.72;0.00;0.00;0.96;2023-09-01 00:00:00+02:00;8.00;78.00;0.00;78.00;2023-08-31 22:00:00+00:00;53.00;NaN;53.00
2023-09-01;1;100.00;0.72;0.00;0.00;0.96;2023-09-01 01:00:00+02:00;8.00;42.00;0.00;42.00;2023-08-31 23:00:00+00:00;52.00;NaN;52.00
2023-09-01;2;100.00;0.27;0.00;0.00;0.95;2023-09-01 02:00:00+02:00;9.00;21.00;0.00;21.00;2023-09-01 00:00:00+00:00;55.00;NaN;55.00
2023-09-01;3;100.00;0.27;0.00;0.00;0.95;2023-09-01 03:00:00+02:00;9.00;19.00;0.00;19.00;2023-09-01 01:00:00+00:00;57.00;NaN;57.00
2023-09-01;4;100.00;0.27;0.00;0.00;0.95;2023-09-01 04:00:00+02:00;9.00;28.00;0.00;28.00;2023-09-01 02:00:00+00:00;53.00;NaN;53.00
2023-09-01;5;100.00;0.27;0.00;0.00;0.95;2023-09-01 05:00:00+02:00;9.00;96.00;3.00;93.00;2023-09-01 03:00:00+00:00;53.00;55.00;52.00
2023-09-01;6;100.00;0.27;0.00;0.00;0.95;2023-09-01 06:00:00+02:00;9.00;179.00;5.00;174.00;2023-09-01 04:00:00+00:00;52.00;52.00;52.00
2023-09-01;7;100.00;0.27;0.00;0.00;0.95;2023-09-01 07:00:00+02:00;9.00;280.00;4.00;276.00;2023-09-01 05:00:00+00:00;51.00;52.00;51.00
2023-09-01;8;100.00;0.27;0.00;0.00;0.95;2023-09-01 08:00:00+02:00;9.00;349.00;9.00;340.00;2023-09-01 06:00:00+00:00;50.00;50.00;50.00
2023-09-01;9;100.00;0.27;0.00;0.00;0.95;2023-09-01 09:00:00+02:00;9.00;364.00;17.00;347.00;2023-09-01 07:00:00+00:00;49.00;49.00;49.00
2023-09-01;10;100.00;0.27;0.00;0.00;0.95;2023-09-01 10:00:00+02:00;9.00;396.00;12.00;384.00;2023-09-01 08:00:00+00:00;52.00;54.00;52.00
2023-09-01;11;100.00;0.27;0.00;0.00;0.95;2023-09-01 11:00:00+02:00;9.00;433.00;14.00;419.00;2023-09-01 09:00:00+00:00;55.00;55.00;55.00
2023-09-01;12;100.00;0.27;0.00;0.00;0.95;2023-09-01 12:00:00+02:00;9.00;534.00;18.00;516.00;2023-09-01 10:00:00+00:00;53.00;53.00;53.00
2023-09-01;13;92.00;0.27;0.00;0.00;0.95;2023-09-01 13:00:00+02:00;9.00;650.00;24.00;626.00;2023-09-01 11:00:00+00:00;50.00;51.00;50.00
2023-09-01;14;100.00;0.27;0.00;0.00;0.95;2023-09-01 14:00:00+02:00;9.00;670.00;19.00;651.00;2023-09-01 12:00:00+00:00;42.00;40.00;42.00
2023-09-01;15;100.00;0.27;0.00;0.00;0.95;2023-09-01 15:00:00+02:00;9.00;713.00;15.00;698.00;2023-09-01 13:00:00+00:00;45.00;41.00;45.00
2023-09-01;16;100.00;0.27;0.00;0.00;0.95;2023-09-01 16:00:00+02:00;9.00;677.00;20.00;657.00;2023-09-01 14:00:00+00:00;53.00;53.00;53.00
2023-09-01;17;92.00;0.27;0.00;0.00;0.95;2023-09-01 17:00:00+02:00;9.00;571.00;9.00;562.00;2023-09-01 15:00:00+00:00;53.00;54.00;53.00
2023-09-01;18;92.00;0.27;0.00;0.00;0.95;2023-09-01 18:00:00+02:00;9.00;504.00;4.00;500.00;2023-09-01 16:00:00+00:00;55.00;54.00;55.00
2023-09-01;19;100.00;0.27;0.00;0.00;0.95;2023-09-01 19:00:00+02:00;9.00;393.00;6.00;387.00;2023-09-01 17:00:00+00:00;55.00;56.00;55.00
2023-09-01;20;100.00;0.27;0.00;0.00;0.95;2023-09-01 20:00:00+02:00;9.00;333.00;6.00;327.00;2023-09-01 18:00:00+00:00;53.00;52.00;53.00
2023-09-01;21;100.00;0.27;0.00;0.00;0.95;2023-09-01 21:00:00+02:00;9.00;253.00;1.00;252.00;2023-09-01 19:00:00+00:00;54.00;56.00;54.00
2023-09-01;22;100.00;0.27;0.00;0.00;0.95;2023-09-01 22:00:00+02:00;9.00;223.00;1.00;222.00;2023-09-01 20:00:00+00:00;54.00;49.00;54.00
2023-09-01;23;100.00;0.27;0.00;0.00;0.95;2023-09-01 23:00:00+02:00;9.00;175.00;1.00;174.00;2023-09-01 21:00:00+00:00;52.00;47.00;52.00
2023-09-02;0;67.00;0.27;0.00;0.00;0.95;2023-09-02 00:00:00+02:00;9.00;123.00;0.00;123.00;2023-09-01 22:00:00+00:00;53.00;NaN;53.00
2023-09-02;1;100.00;0.27;0.00;0.00;0.95;2023-09-02 01:00:00+02:00;9.00;85.00;0.00;85.00;2023-09-01 23:00:00+00:00;56.00;NaN;56.00
2023-09-02;2;100.00;0.10;-1.57;0.00;0.93;2023-09-02 02:00:00+02:00;9.00;50.00;0.00;50.00;2023-09-02 00:00:00+00:00;54.00;NaN;54.00
2023-09-02;3;100.00;0.10;-1.57;0.00;0.93;2023-09-02 03:00:00+02:00;9.00;29.00;1.00;28.00;2023-09-02 01:00:00+00:00;57.00;55.00;57.00
2023-09-02;4;100.00;0.10;-1.57;0.00;0.93;2023-09-02 04:00:00+02:00;9.00;30.00;0.00;30.00;2023-09-02 02:00:00+00:00;53.00;NaN;53.00
2023-09-02;5;100.00;0.10;-1.57;0.00;0.93;2023-09-02 05:00:00+02:00;9.00;42.00;0.00;42.00;2023-09-02 03:00:00+00:00;55.00;NaN;55.00
2023-09-02;6;100.00;0.10;-1.57;0.00;0.93;2023-09-02 06:00:00+02:00;9.00;44.00;2.00;42.00;2023-09-02 04:00:00+00:00;53.00;59.00;52.00
2023-09-02;7;83.00;0.10;-1.57;0.00;0.93;2023-09-02 07:00:00+02:00;9.00;79.00;0.00;79.00;2023-09-02 05:00:00+00:00;52.00;NaN;52.00
2023-09-02;8;100.00;0.10;-1.57;0.00;0.93;2023-09-02 08:00:00+02:00;9.00;147.00;0.00;147.00;2023-09-02 06:00:00+00:00;53.00;NaN;53.00
2023-09-02;9;100.00;0.10;-1.57;0.00;0.93;2023-09-02 09:00:00+02:00;9.00;195.00;2.00;193.00;2023-09-02 07:00:00+00:00;52.00;51.00;52.00
2023-09-02;10;92.00;0.10;-1.57;0.00;0.93;2023-09-02 10:00:00+02:00;9.00;287.00;2.00;285.00;2023-09-02 08:00:00+00:00;55.00;55.00;55.00
2023-09-02;11;100.00;0.10;-1.57;0.00;0.93;2023-09-02 11:00:00+02:00;9.00;312.00;2.00;310.00;2023-09-02 09:00:00+00:00;56.00;56.00;56.00
2023-09-02;12;92.00;0.10;-1.57;0.00;0.93;2023-09-02 12:00:00+02:00;9.00;388.00;4.00;384.00;2023-09-02 10:00:00+00:00;55.00;56.00;55.00
2023-09-02;13;100.00;0.10;-1.57;0.00;0.93;2023-09-02 13:00:00+02:00;9.00;482.00;5.00;477.00;2023-09-02 11:00:00+00:00;53.00;51.00;53.00
2023-09-02;14;83.00;0.10;-1.57;0.00;0.93;2023-09-02 14:00:00+02:00;9.00;516.00;6.00;510.00;2023-09-02 12:00:00+00:00;54.00;55.00;54.00
2023-09-02;15;92.00;0.10;-1.57;0.00;0.93;2023-09-02 15:00:00+02:00;9.00;453.00;5.00;447.00;2023-09-02 13:00:00+00:00;55.00;54.00;55.00
2023-09-02;16;100.00;0.10;-1.57;0.00;0.93;2023-09-02 16:00:00+02:00;9.00;379.00;6.00;373.00;2023-09-02 14:00:00+00:00;56.00;55.00;56.00
2023-09-02;17;100.00;0.10;-1.57;0.00;0.93;2023-09-02 17:00:00+02:00;9.00;340.00;3.00;337.00;2023-09-02 15:00:00+00:00;56.00;57.00;56.00
2023-09-02;18;100.00;0.10;-1.57;0.00;0.93;2023-09-02 18:00:00+02:00;9.00;365.00;4.00;361.00;2023-09-02 16:00:00+00:00;54.00;54.00;54.00
2023-09-02;19;100.00;0.10;-1.57;0.00;0.93;2023-09-02 19:00:00+02:00;9.00;294.00;1.00;293.00;2023-09-02 17:00:00+00:00;54.00;57.00;54.00
2023-09-02;20;100.00;0.10;-1.57;0.00;0.93;2023-09-02 20:00:00+02:00;9.00;314.00;0.00;314.00;2023-09-02 18:00:00+00:00;51.00;NaN;51.00
2023-09-02;21;100.00;0.10;-1.57;0.00;0.93;2023-09-02 21:00:00+02:00;9.00;202.00;2.00;200.00;2023-09-02 19:00:00+00:00;53.00;52.00;53.00
2023-09-02;22;100.00;0.10;-1.57;0.00;0.93;2023-09-02 22:00:00+02:00;9.00;189.00;0.00;189.00;2023-09-02 20:00:00+00:00;52.00;NaN;52.00
2023-09-02;23;100.00;0.10;-1.57;0.00;0.93;2023-09-02 23:00:00+02:00;9.00;168.00;0.00;168.00;2023-09-02 21:00:00+00:00;53.00;NaN;53.00
2023-09-03;0;92.00;0.10;-1.57;0.00;0.93;2023-09-03 00:00:00+02:00;9.00;115.00;0.00;115.00;2023-09-02 22:00:00+00:00;56.00;NaN;56.00
2023-09-03;1;92.00;0.10;-1.57;0.00;0.93;2023-09-03 01:00:00+02:00;9.00;68.00;0.00;68.00;2023-09-02 23:00:00+00:00;54.00;NaN;54.00
2023-09-03;2;92.00;-0.64;0.00;0.00;0.92;2023-09-03 02:00:00+02:00;9.00;75.00;0.00;75.00;2023-09-03 00:00:00+00:00;59.00;NaN;59.00
2023-09-03;3;100.00;-0.64;0.00;0.00;0.92;2023-09-03 03:00:00+02:00;9.00;49.00;1.00;48.00;2023-09-03 01:00:00+00:00;56.00;53.00;56.00
2023-09-03;4;100.00;-0.64;0.00;0.00;0.92;2023-09-03 04:00:00+02:00;9.00;40.00;1.00;39.00;2023-09-03 02:00:00+00:00;56.00;60.00;56.00
2023-09-03;5;100.00;-0.64;0.00;0.00;0.92;2023-09-03 05:00:00+02:00;9.00;39.00;1.00;38.00;2023-09-03 03:00:00+00:00;55.00;49.00;55.00
2023-09-03;6;100.00;-0.64;0.00;0.00;0.92;2023-09-03 06:00:00+02:00;9.00;50.00;0.00;50.00;2023-09-03 04:00:00+00:00;54.00;NaN;54.00
2023-09-03;7;100.00;-0.64;0.00;0.00;0.92;2023-09-03 07:00:00+02:00;9.00;45.00;0.00;45.00;2023-09-03 05:00:00+00:00;56.00;NaN;56.00
2023-09-03;8;100.00;-0.64;0.00;0.00;0.92;2023-09-03 08:00:00+02:00;9.00;82.00;0.00;82.00;2023-09-03 06:00:00+00:00;55.00;NaN;55.00
2023-09-03;9;100.00;-0.64;0.00;0.00;0.92;2023-09-03 09:00:00+02:00;9.00;130.00;0.00;130.00;2023-09-03 07:00:00+00:00;56.00;NaN;56.00
2023-09-03;10;100.00;-0.64;0.00;0.00;0.92;2023-09-03 10:00:00+02:00;9.00;189.00;0.00;189.00;2023-09-03 08:00:00+00:00;56.00;NaN;56.00
2023-09-03;11;100.00;-0.64;0.00;0.00;0.92;2023-09-03 11:00:00+02:00;9.00;229.00;0.00;229.00;2023-09-03 09:00:00+00:00;55.00;NaN;55.00
2023-09-03;12;100.00;-0.64;0.00;0.00;0.92;2023-09-03 12:00:00+02:00;9.00;284.00;4.00;280.00;2023-09-03 10:00:00+00:00;56.00;56.00;56.00
2023-09-03;13;100.00;-0.64;0.00;0.00;0.92;2023-09-03 13:00:00+02:00;9.00;306.00;0.00;306.00;2023-09-03 11:00:00+00:00;56.00;NaN;56.00
2023-09-03;14;100.00;-0.64;0.00;0.00;0.92;2023-09-03 14:00:00+02:00;9.00;324.00;1.00;323.00;2023-09-03 12:00:00+00:00;55.00;54.00;55.00
2023-09-03;15;100.00;-0.64;0.00;0.00;0.92;2023-09-03 15:00:00+02:00;9.00;320.00;2.00;318.00;2023-09-03 13:00:00+00:00;56.00;58.00;56.00
2023-09-03;16;100.00;-0.64;0.00;0.00;0.92;2023-09-03 16:00:00+02:00;9.00;340.00;1.00;339.00;2023-09-03 14:00:00+00:00;56.00;53.00;56.00
2023-09-03;17;100.00;-0.64;0.00;0.00;0.92;2023-09-03 17:00:00+02:00;9.00;319.00;1.00;318.00;2023-09-03 15:00:00+00:00;55.00;54.00;55.00
2023-09-03;18;100.00;-0.64;0.00;0.00;0.92;2023-09-03 18:00:00+02:00;9.00;336.00;3.00;333.00;2023-09-03 16:00:00+00:00;56.00;56.00;56.00
2023-09-03;19;100.00;-0.64;0.00;0.00;0.92;2023-09-03 19:00:00+02:00;9.00;276.00;3.00;273.00;2023-09-03 17:00:00+00:00;54.00;54.00;54.00
2023-09-03;20;100.00;-0.64;0.00;0.00;0.92;2023-09-03 20:00:00+02:00;9.00;241.00;0.00;241.00;2023-09-03 18:00:00+00:00;54.00;NaN;54.00
2023-09-03;21;100.00;-0.64;0.00;0.00;0.92;2023-09-03 21:00:00+02:00;9.00;176.00;0.00;176.00;2023-09-03 19:00:00+00:00;54.00;NaN;54.00
2023-09-03;22;100.00;-0.64;0.00;0.00;0.92;2023-09-03 22:00:00+02:00;9.00;138.00;0.00;138.00;2023-09-03 20:00:00+00:00;55.00;NaN;55.00
2023-09-03;23;92.00;-0.64;0.00;0.00;0.92;2023-09-03 23:00:00+02:00;9.00;99.00;0.00;99.00;2023-09-03 21:00:00+00:00;53.00;NaN;53.00
2023-09-04;0;92.00;-0.64;0.00;0.00;0.92;2023-09-04 00:00:00+02:00;9.00;55.00;0.00;55.00;2023-09-03 22:00:00+00:00;54.00;NaN;54.00
2023-09-04;1;83.00;-0.64;0.00;0.00;0.92;2023-09-04 01:00:00+02:00;9.00;26.00;0.00;26.00;2023-09-03 23:00:00+00:00;53.00;NaN;53.00
2023-09-04;2;92.00;0.87;0.00;0.00;0.95;2023-09-04 02:00:00+02:00;9.00;15.00;0.00;15.00;2023-09-04 00:00:00+00:00;58.00;NaN;58.00
2023-09-04;3;100.00;0.87;0.00;0.00;0.95;2023-09-04 03:00:00+02:00;9.00;15.00;1.00;14.00;2023-09-04 01:00:00+00:00;53.00;43.00;54.00
2023-09-04;4;75.00;0.87;0.00;0.00;0.95;2023-09-04 04:00:00+02:00;9.00;24.00;1.00;23.00;2023-09-04 02:00:00+00:00;57.00;58.00;57.00
2023-09-04;5;100.00;0.87;0.00;0.00;0.95;2023-09-04 05:00:00+02:00;9.00;117.00;2.00;115.00;2023-09-04 03:00:00+00:00;53.00;52.00;53.00
2023-09-04;6;100.00;0.87;0.00;0.00;0.95;2023-09-04 06:00:00+02:00;9.00;204.00;8.00;196.00;2023-09-04 04:00:00+00:00;52.00;52.00;52.00
2023-09-04;7;100.00;0.87;0.00;0.00;0.95;2023-09-04 07:00:00+02:00;9.00;335.00;6.00;329.00;2023-09-04 05:00:00+00:00;49.00;50.00;49.00
2023-09-04;8;100.00;0.87;0.00;0.00;0.95;2023-09-04 08:00:00+02:00;9.00;404.00;7.00;397.00;2023-09-04 06:00:00+00:00;49.00;49.00;49.00
2023-09-04;9;100.00;0.87;0.00;0.00;0.95;2023-09-04 09:00:00+02:00;9.00;450.00;14.00;436.00;2023-09-04 07:00:00+00:00;51.00;50.00;51.00
2023-09-04;10;100.00;0.87;0.00;0.00;0.95;2023-09-04 10:00:00+02:00;9.00;580.00;23.00;557.00;2023-09-04 08:00:00+00:00;49.00;47.00;49.00
2023-09-04;11;100.00;0.87;0.00;0.00;0.95;2023-09-04 11:00:00+02:00;9.00;461.00;18.00;443.00;2023-09-04 09:00:00+00:00;54.00;55.00;54.00
2023-09-04;12;100.00;0.87;0.00;0.00;0.95;2023-09-04 12:00:00+02:00;9.00;448.00;18.00;430.00;2023-09-04 10:00:00+00:00;54.00;54.00;54.00
2023-09-04;13;100.00;0.87;0.00;0.00;0.95;2023-09-04 13:00:00+02:00;9.00;548.00;24.00;524.00;2023-09-04 11:00:00+00:00;53.00;52.00;53.00
2023-09-04;14;100.00;0.87;0.00;0.00;0.95;2023-09-04 14:00:00+02:00;9.00;629.00;19.00;610.00;2023-09-04 12:00:00+00:00;50.00;47.00;50.00
2023-09-04;15;100.00;0.87;0.00;0.00;0.95;2023-09-04 15:00:00+02:00;9.00;742.00;31.00;711.00;2023-09-04 13:00:00+00:00;43.00;40.00;43.00
2023-09-04;16;100.00;0.87;0.00;0.00;0.95;2023-09-04 16:00:00+02:00;9.00;740.00;22.00;718.00;2023-09-04 14:00:00+00:00;48.00;41.00;48.00
2023-09-04;17;100.00;0.87;0.00;0.00;0.95;2023-09-04 17:00:00+02:00;9.00;704.00;19.00;685.00;2023-09-04 15:00:00+00:00;51.00;50.00;51.00
2023-09-04;18;100.00;0.87;0.00;0.00;0.95;2023-09-04 18:00:00+02:00;9.00;643.00;3.00;640.00;2023-09-04 16:00:00+00:00;50.00;46.00;50.00
2023-09-04;19;100.00;0.87;0.00;0.00;0.95;2023-09-04 19:00:00+02:00;9.00;391.00;2.00;389.00;2023-09-04 17:00:00+00:00;52.00;52.00;52.00
2023-09-04;20;92.00;0.87;0.00;0.00;0.95;2023-09-04 20:00:00+02:00;9.00;317.00;1.00;316.00;2023-09-04 18:00:00+00:00;53.00;50.00;53.00
2023-09-04;21;92.00;0.87;0.00;0.00;0.95;2023-09-04 21:00:00+02:00;9.00;239.00;1.00;238.00;2023-09-04 19:00:00+00:00;54.00;54.00;54.00
2023-09-04;22;92.00;0.87;0.00;0.00;0.95;2023-09-04 22:00:00+02:00;9.00;192.00;3.00;189.00;2023-09-04 20:00:00+00:00;53.00;54.00;53.00
2023-09-04;23;92.00;0.87;0.00;0.00;0.95;2023-09-04 23:00:00+02:00;9.00;82.00;0.00;82.00;2023-09-04 21:00:00+00:00;55.00;NaN;55.00
2023-09-05;0;100.00;0.87;0.00;0.00;0.95;2023-09-05 00:00:00+02:00;9.00;56.00;0.00;56.00;2023-09-04 22:00:00+00:00;56.00;NaN;56.00
2023-09-05;1;100.00;0.87;0.00;0.00;0.95;2023-09-05 01:00:00+02:00;9.00;45.00;0.00;45.00;2023-09-04 23:00:00+00:00;55.00;NaN;55.00
2023-09-05;2;100.00;1.03;0.00;0.00;0.96;2023-09-05 02:00:00+02:00;9.00;26.00;1.00;25.00;2023-09-05 00:00:00+00:00;53.00;63.00;53.00
2023-09-05;3;100.00;1.03;0.00;0.00;0.96;2023-09-05 03:00:00+02:00;9.00;10.00;2.00;8.00;2023-09-05 01:00:00+00:00;54.00;57.00;53.00
2023-09-05;4;100.00;1.03;0.00;0.00;0.96;2023-09-05 04:00:00+02:00;9.00;30.00;0.00;30.00;2023-09-05 02:00:00+00:00;52.00;NaN;52.00
2023-09-05;5;100.00;1.03;0.00;0.00;0.96;2023-09-05 05:00:00+02:00;9.00;107.00;6.00;101.00;2023-09-05 03:00:00+00:00;52.00;53.00;52.00
2023-09-05;6;100.00;1.03;0.00;0.00;0.96;2023-09-05 06:00:00+02:00;9.00;197.00;6.00;191.00;2023-09-05 04:00:00+00:00;53.00;52.00;53.00
2023-09-05;7;100.00;1.03;0.00;0.00;0.96;2023-09-05 07:00:00+02:00;9.00;350.00;8.00;342.00;2023-09-05 05:00:00+00:00;51.00;51.00;51.00
2023-09-05;8;100.00;1.03;0.00;0.00;0.96;2023-09-05 08:00:00+02:00;9.00;418.00;6.00;412.00;2023-09-05 06:00:00+00:00;51.00;50.00;51.00
2023-09-05;9;100.00;1.03;0.00;0.00;0.96;2023-09-05 09:00:00+02:00;9.00;401.00;5.00;396.00;2023-09-05 07:00:00+00:00;52.00;51.00;52.00
2023-09-05;10;100.00;1.03;0.00;0.00;0.96;2023-09-05 10:00:00+02:00;9.00;434.00;13.00;421.00;2023-09-05 08:00:00+00:00;52.00;53.00;52.00
2023-09-05;11;100.00;1.03;0.00;0.00;0.96;2023-09-05 11:00:00+02:00;9.00;449.00;17.00;432.00;2023-09-05 09:00:00+00:00;53.00;51.00;53.00
2023-09-05;12;100.00;1.03;0.00;0.00;0.96;2023-09-05 12:00:00+02:00;9.00;497.00;22.00;475.00;2023-09-05 10:00:00+00:00;55.00;55.00;55.00
2023-09-05;13;100.00;1.03;0.00;0.00;0.96;2023-09-05 13:00:00+02:00;9.00;582.00;22.00;560.00;2023-09-05 11:00:00+00:00;50.00;50.00;50.00
2023-09-05;14;100.00;1.03;0.00;0.00;0.96;2023-09-05 14:00:00+02:00;9.00;650.00;24.00;626.00;2023-09-05 12:00:00+00:00;46.00;40.00;46.00
2023-09-05;15;100.00;1.03;0.00;0.00;0.96;2023-09-05 15:00:00+02:00;9.00;672.00;24.00;648.00;2023-09-05 13:00:00+00:00;29.00;35.00;29.00
2023-09-05;16;100.00;1.03;0.00;0.00;0.96;2023-09-05 16:00:00+02:00;9.00;728.00;27.00;701.00;2023-09-05 14:00:00+00:00;28.00;27.00;28.00
2023-09-05;17;92.00;1.03;0.00;0.00;0.96;2023-09-05 17:00:00+02:00;9.00;709.00;25.00;684.00;2023-09-05 15:00:00+00:00;41.00;39.00;41.00
2023-09-05;18;100.00;1.03;0.00;0.00;0.96;2023-09-05 18:00:00+02:00;9.00;630.00;10.00;620.00;2023-09-05 16:00:00+00:00;51.00;52.00;51.00
2023-09-05;19;100.00;1.03;0.00;0.00;0.96;2023-09-05 19:00:00+02:00;9.00;422.00;6.00;416.00;2023-09-05 17:00:00+00:00;51.00;51.00;51.00
2023-09-05;20;100.00;1.03;0.00;0.00;0.96;2023-09-05 20:00:00+02:00;9.00;310.00;2.00;308.00;2023-09-05 18:00:00+00:00;51.00;51.00;51.00
2023-09-05;21;83.00;1.03;0.00;0.00;0.96;2023-09-05 21:00:00+02:00;9.00;272.00;2.00;270.00;2023-09-05 19:00:00+00:00;52.00;52.00;52.00
2023-09-05;22;100.00;1.03;0.00;0.00;0.96;2023-09-05 22:00:00+02:00;9.00;214.00;1.00;213.00;2023-09-05 20:00:00+00:00;53.00;51.00;53.00
2023-09-05;23;100.00;1.03;0.00;0.00;0.96;2023-09-05 23:00:00+02:00;9.00;105.00;1.00;104.00;2023-09-05 21:00:00+00:00;54.00;55.00;54.00
2023-09-06;0;100.00;1.03;0.00;0.00;0.96;2023-09-06 00:00:00+02:00;9.00;54.00;0.00;54.00;2023-09-05 22:00:00+00:00;53.00;NaN;53.00
2023-09-06;1;92.00;1.03;0.00;0.00;0.96;2023-09-06 01:00:00+02:00;9.00;36.00;0.00;36.00;2023-09-05 23:00:00+00:00;57.00;NaN;57.00
2023-09-06;2;92.00;0.83;0.00;0.00;0.96;2023-09-06 02:00:00+02:00;9.00;26.00;1.00;25.00;2023-09-06 00:00:00+00:00;59.00;56.00;59.00
2023-09-06;3;83.00;0.83;0.00;0.00;0.96;2023-09-06 03:00:00+02:00;9.00;22.00;0.00;22.00;2023-09-06 01:00:00+00:00;57.00;NaN;57.00
2023-09-06;4;92.00;0.83;0.00;0.00;0.96;2023-09-06 04:00:00+02:00;9.00;22.00;0.00;22.00;2023-09-06 02:00:00+00:00;58.00;NaN;58.00
2023-09-06;5;83.00;0.83;0.00;0.00;0.96;2023-09-06 05:00:00+02:00;9.00;113.00;4.00;109.00;2023-09-06 03:00:00+00:00;53.00;60.00;53.00
2023-09-06;6;100.00;0.83;0.00;0.00;0.96;2023-09-06 06:00:00+02:00;9.00;191.00;5.00;186.00;2023-09-06 04:00:00+00:00;54.00;56.00;54.00
2023-09-06;7;100.00;0.83;0.00;0.00;0.96;2023-09-06 07:00:00+02:00;9.00;348.00;9.00;339.00;2023-09-06 05:00:00+00:00;51.00;51.00;51.00
2023-09-06;8;100.00;0.83;0.00;0.00;0.96;2023-09-06 08:00:00+02:00;9.00;407.00;12.00;395.00;2023-09-06 06:00:00+00:00;49.00;48.00;49.00
2023-09-06;9;100.00;0.83;0.00;0.00;0.96;2023-09-06 09:00:00+02:00;9.00;377.00;11.00;366.00;2023-09-06 07:00:00+00:00;50.00;51.00;50.00
2023-09-06;10;100.00;0.83;0.00;0.00;0.96;2023-09-06 10:00:00+02:00;9.00;384.00;9.00;375.00;2023-09-06 08:00:00+00:00;52.00;52.00;52.00
2023-09-06;11;100.00;0.83;0.00;0.00;0.96;2023-09-06 11:00:00+02:00;9.00;391.00;21.00;370.00;2023-09-06 09:00:00+00:00;55.00;55.00;55.00
2023-09-06;12;100.00;0.83;0.00;0.00;0.96;2023-09-06 12:00:00+02:00;9.00;464.00;17.00;447.00;2023-09-06 10:00:00+00:00;54.00;54.00;54.00
2023-09-06;13;100.00;0.83;0.00;0.00;0.96;2023-09-06 13:00:00+02:00;9.00;560.00;21.00;539.00;2023-09-06 11:00:00+00:00;53.00;53.00;53.00
2023-09-06;14;100.00;0.83;0.00;0.00;0.96;2023-09-06 14:00:00+02:00;9.00;667.00;15.00;652.00;2023-09-06 12:00:00+00:00;50.00;47.00;50.00
2023-09-06;15;100.00;0.83;0.00;0.00;0.96;2023-09-06 15:00:00+02:00;9.00;668.00;31.00;637.00;2023-09-06 13:00:00+00:00;26.00;24.00;26.00
2023-09-06;16;100.00;0.83;0.00;0.00;0.96;2023-09-06 16:00:00+02:00;9.00;678.00;20.00;658.00;2023-09-06 14:00:00+00:00;29.00;28.00;29.00
2023-09-06;17;92.00;0.83;0.00;0.00;0.96;2023-09-06 17:00:00+02:00;9.00;648.00;16.00;632.00;2023-09-06 15:00:00+00:00;36.00;36.00;36.00
2023-09-06;18;100.00;0.83;0.00;0.00;0.96;2023-09-06 18:00:00+02:00;9.00;578.00;11.00;567.00;2023-09-06 16:00:00+00:00;33.00;29.00;33.00
2023-09-06;19;83.00;0.83;0.00;0.00;0.96;2023-09-06 19:00:00+02:00;9.00;378.00;6.00;372.00;2023-09-06 17:00:00+00:00;51.00;53.00;51.00
2023-09-06;20;100.00;0.83;0.00;0.00;0.96;2023-09-06 20:00:00+02:00;9.00;311.00;3.00;308.00;2023-09-06 18:00:00+00:00;52.00;56.00;52.00
2023-09-06;21;100.00;0.83;0.00;0.00;0.96;2023-09-06 21:00:00+02:00;9.00;263.00;1.00;262.00;2023-09-06 19:00:00+00:00;53.00;53.00;53.00
2023-09-06;22;92.00;0.83;0.00;0.00;0.96;2023-09-06 22:00:00+02:00;9.00;202.00;1.00;201.00;2023-09-06 20:00:00+00:00;54.00;53.00;54.00
2023-09-06;23;83.00;0.83;0.00;0.00;0.96;2023-09-06 23:00:00+02:00;9.00;114.00;1.00;113.00;2023-09-06 21:00:00+00:00;56.00;66.00;56.00
2023-09-07;0;100.00;0.83;0.00;0.00;0.96;2023-09-07 00:00:00+02:00;9.00;77.00;0.00;77.00;2023-09-06 22:00:00+00:00;55.00;NaN;55.00
2023-09-07;1;100.00;0.83;0.00;0.00;0.96;2023-09-07 01:00:00+02:00;9.00;42.00;0.00;42.00;2023-09-06 23:00:00+00:00;57.00;NaN;57.00
2023-09-07;2;100.00;0.98;-1.57;0.00;0.97;2023-09-07 02:00:00+02:00;9.00;25.00;0.00;25.00;2023-09-07 00:00:00+00:00;58.00;NaN;58.00
2023-09-07;3;100.00;0.98;-1.57;0.00;0.97;2023-09-07 03:00:00+02:00;9.00;26.00;0.00;26.00;2023-09-07 01:00:00+00:00;56.00;NaN;56.00
2023-09-07;4;100.00;0.98;-1.57;0.00;0.97;2023-09-07 04:00:00+02:00;9.00;37.00;1.00;36.00;2023-09-07 02:00:00+00:00;55.00;47.00;56.00
2023-09-07;5;100.00;0.98;-1.57;0.00;0.97;2023-09-07 05:00:00+02:00;9.00;112.00;3.00;109.00;2023-09-07 03:00:00+00:00;54.00;55.00;54.00
2023-09-07;6;100.00;0.98;-1.57;0.00;0.97;2023-09-07 06:00:00+02:00;9.00;186.00;7.00;179.00;2023-09-07 04:00:00+00:00;53.00;52.00;53.00
2023-09-07;7;92.00;0.98;-1.57;0.00;0.97;2023-09-07 07:00:00+02:00;9.00;371.00;11.00;360.00;2023-09-07 05:00:00+00:00;50.00;48.00;50.00
2023-09-07;8;100.00;0.98;-1.57;0.00;0.97;2023-09-07 08:00:00+02:00;9.00;383.00;16.00;367.00;2023-09-07 06:00:00+00:00;51.00;51.00;51.00
2023-09-07;9;100.00;0.98;-1.57;0.00;0.97;2023-09-07 09:00:00+02:00;9.00;370.00;13.00;357.00;2023-09-07 07:00:00+00:00;51.00;51.00;51.00
2023-09-07;10;100.00;0.98;-1.57;0.00;0.97;2023-09-07 10:00:00+02:00;9.00;426.00;13.00;413.00;2023-09-07 08:00:00+00:00;51.00;51.00;51.00
2023-09-07;11;100.00;0.98;-1.57;0.00;0.97;2023-09-07 11:00:00+02:00;9.00;423.00;25.00;398.00;2023-09-07 09:00:00+00:00;54.00;53.00;54.00
2023-09-07;12;100.00;0.98;-1.57;0.00;0.97;2023-09-07 12:00:00+02:00;9.00;475.00;18.00;457.00;2023-09-07 10:00:00+00:00;55.00;55.00;55.00
2023-09-07;13;100.00;0.98;-1.57;0.00;0.97;2023-09-07 13:00:00+02:00;9.00;570.00;23.00;547.00;2023-09-07 11:00:00+00:00;45.00;44.00;45.00
2023-09-07;14;100.00;0.98;-1.57;0.00;0.97;2023-09-07 14:00:00+02:00;9.00;643.00;16.00;627.00;2023-09-07 12:00:00+00:00;48.00;48.00;48.00
2023-09-07;15;100.00;0.98;-1.57;0.00;0.97;2023-09-07 15:00:00+02:00;9.00;778.00;25.00;753.00;2023-09-07 13:00:00+00:00;42.00;38.00;42.00
2023-09-07;16;100.00;0.98;-1.57;0.00;0.97;2023-09-07 16:00:00+02:00;9.00;753.00;28.00;725.00;2023-09-07 14:00:00+00:00;27.00;30.00;27.00
2023-09-07;17;100.00;0.98;-1.57;0.00;0.97;2023-09-07 17:00:00+02:00;9.00;747.00;15.00;732.00;2023-09-07 15:00:00+00:00;48.00;47.00;48.00
2023-09-07;18;100.00;0.98;-1.57;0.00;0.97;2023-09-07 18:00:00+02:00;9.00;589.00;5.00;584.00;2023-09-07 16:00:00+00:00;50.00;48.00;50.00
2023-09-07;19;100.00;0.98;-1.57;0.00;0.97;2023-09-07 19:00:00+02:00;9.00;445.00;5.00;440.00;2023-09-07 17:00:00+00:00;51.00;51.00;51.00
2023-09-07;20;100.00;0.98;-1.57;0.00;0.97;2023-09-07 20:00:00+02:00;9.00;332.00;2.00;330.00;2023-09-07 18:00:00+00:00;50.00;48.00;50.00
2023-09-07;21;100.00;0.98;-1.57;0.00;0.97;2023-09-07 21:00:00+02:00;9.00;245.00;3.00;242.00;2023-09-07 19:00:00+00:00;52.00;50.00;52.00
2023-09-07;22;100.00;0.98;-1.57;0.00;0.97;2023-09-07 22:00:00+02:00;9.00;210.00;0.00;210.00;2023-09-07 20:00:00+00:00;51.00;NaN;51.00
2023-09-07;23;100.00;0.98;-1.57;0.00;0.97;2023-09-07 23:00:00+02:00;9.00;158.00;1.00;157.00;2023-09-07 21:00:00+00:00;53.00;51.00;53.00
2023-09-08;0;100.00;0.98;-1.57;0.00;0.97;2023-09-08 00:00:00+02:00;9.00;87.00;0.00;87.00;2023-09-07 22:00:00+00:00;52.00;NaN;52.00
2023-09-08;1;100.00;0.98;-1.57;0.00;0.97;2023-09-08 01:00:00+02:00;9.00;56.00;0.00;56.00;2023-09-07 23:00:00+00:00;54.00;NaN;54.00
2023-09-08;2;100.00;0.66;0.00;0.00;0.93;2023-09-08 02:00:00+02:00;9.00;27.00;0.00;27.00;2023-09-08 00:00:00+00:00;54.00;NaN;54.00
2023-09-08;3;92.00;0.66;0.00;0.00;0.93;2023-09-08 03:00:00+02:00;9.00;14.00;0.00;14.00;2023-09-08 01:00:00+00:00;62.00;NaN;62.00
2023-09-08;4;100.00;0.66;0.00;0.00;0.93;2023-09-08 04:00:00+02:00;9.00;28.00;0.00;28.00;2023-09-08 02:00:00+00:00;56.00;NaN;56.00
2023-09-08;5;100.00;0.66;0.00;0.00;0.93;2023-09-08 05:00:00+02:00;9.00;97.00;6.00;91.00;2023-09-08 03:00:00+00:00;51.00;49.00;51.00
2023-09-08;6;100.00;0.66;0.00;0.00;0.93;2023-09-08 06:00:00+02:00;9.00;173.00;8.00;165.00;2023-09-08 04:00:00+00:00;51.00;50.00;51.00
2023-09-08;7;100.00;0.66;0.00;0.00;0.93;2023-09-08 07:00:00+02:00;9.00;318.00;15.00;303.00;2023-09-08 05:00:00+00:00;51.00;50.00;51.00
2023-09-08;8;100.00;0.66;0.00;0.00;0.93;2023-09-08 08:00:00+02:00;9.00;349.00;11.00;338.00;2023-09-08 06:00:00+00:00;50.00;50.00;50.00
2023-09-08;9;100.00;0.66;0.00;0.00;0.93;2023-09-08 09:00:00+02:00;9.00;354.00;15.00;339.00;2023-09-08 07:00:00+00:00;52.00;52.00;52.00
2023-09-08;10;100.00;0.66;0.00;0.00;0.93;2023-09-08 10:00:00+02:00;9.00;430.00;12.00;418.00;2023-09-08 08:00:00+00:00;52.00;53.00;52.00
2023-09-08;11;100.00;0.66;0.00;0.00;0.93;2023-09-08 11:00:00+02:00;9.00;458.00;12.00;446.00;2023-09-08 09:00:00+00:00;55.00;55.00;55.00
2023-09-08;12;100.00;0.66;0.00;0.00;0.93;2023-09-08 12:00:00+02:00;9.00;556.00;16.00;540.00;2023-09-08 10:00:00+00:00;54.00;54.00;54.00
2023-09-08;13;100.00;0.66;0.00;0.00;0.93;2023-09-08 13:00:00+02:00;9.00;652.00;26.00;626.00;2023-09-08 11:00:00+00:00;46.00;43.00;46.00
2023-09-08;14;100.00;0.66;0.00;0.00;0.93;2023-09-08 14:00:00+02:00;9.00;609.00;23.00;586.00;2023-09-08 12:00:00+00:00;26.00;23.00;26.00
2023-09-08;15;100.00;0.66;0.00;0.00;0.93;2023-09-08 15:00:00+02:00;9.00;656.00;22.00;634.00;2023-09-08 13:00:00+00:00;26.00;22.00;26.00
2023-09-08;16;100.00;0.66;0.00;0.00;0.93;2023-09-08 16:00:00+02:00;9.00;656.00;23.00;633.00;2023-09-08 14:00:00+00:00;46.00;44.00;46.00
2023-09-08;17;100.00;0.66;0.00;0.00;0.93;2023-09-08 17:00:00+02:00;9.00;542.00;15.00;527.00;2023-09-08 15:00:00+00:00;53.00;53.00;53.00
2023-09-08;18;100.00;0.66;0.00;0.00;0.93;2023-09-08 18:00:00+02:00;9.00;444.00;4.00;440.00;2023-09-08 16:00:00+00:00;52.00;53.00;52.00
2023-09-08;19;100.00;0.66;0.00;0.00;0.93;2023-09-08 19:00:00+02:00;9.00;369.00;6.00;363.00;2023-09-08 17:00:00+00:00;52.00;50.00;52.00
2023-09-08;20;100.00;0.66;0.00;0.00;0.93;2023-09-08 20:00:00+02:00;9.00;321.00;2.00;319.00;2023-09-08 18:00:00+00:00;52.00;47.00;52.00
2023-09-08;21;100.00;0.66;0.00;0.00;0.93;2023-09-08 21:00:00+02:00;9.00;241.00;0.00;241.00;2023-09-08 19:00:00+00:00;52.00;NaN;52.00
2023-09-08;22;100.00;0.66;0.00;0.00;0.93;2023-09-08 22:00:00+02:00;9.00;213.00;0.00;213.00;2023-09-08 20:00:00+00:00;52.00;NaN;52.00
2023-09-08;23;100.00;0.66;0.00;0.00;0.93;2023-09-08 23:00:00+02:00;9.00;173.00;0.00;173.00;2023-09-08 21:00:00+00:00;51.00;NaN;51.00
2023-09-09;0;100.00;0.66;0.00;0.00;0.93;2023-09-09 00:00:00+02:00;9.00;135.00;1.00;134.00;2023-09-08 22:00:00+00:00;54.00;52.00;54.00
2023-09-09;1;100.00;0.66;0.00;0.00;0.93;2023-09-09 01:00:00+02:00;9.00;82.00;0.00;82.00;2023-09-08 23:00:00+00:00;55.00;NaN;55.00
2023-09-09;2;100.00;-0.26;0.00;0.00;0.91;2023-09-09 02:00:00+02:00;9.00;42.00;0.00;42.00;2023-09-09 00:00:00+00:00;55.00;NaN;55.00
2023-09-09;3;100.00;-0.26;0.00;0.00;0.91;2023-09-09 03:00:00+02:00;9.00;36.00;0.00;36.00;2023-09-09 01:00:00+00:00;57.00;NaN;57.00
2023-09-09;4;100.00;-0.26;0.00;0.00;0.91;2023-09-09 04:00:00+02:00;9.00;26.00;1.00;25.00;2023-09-09 02:00:00+00:00;53.00;55.00;53.00
2023-09-09;5;100.00;-0.26;0.00;0.00;0.91;2023-09-09 05:00:00+02:00;9.00;41.00;1.00;40.00;2023-09-09 03:00:00+00:00;57.00;59.00;57.00
2023-09-09;6;100.00;-0.26;0.00;0.00;0.91;2023-09-09 06:00:00+02:00;9.00;55.00;0.00;55.00;2023-09-09 04:00:00+00:00;55.00;NaN;55.00
2023-09-09;7;100.00;-0.26;0.00;0.00;0.91;2023-09-09 07:00:00+02:00;9.00;90.00;0.00;90.00;2023-09-09 05:00:00+00:00;55.00;NaN;55.00
2023-09-09;8;100.00;-0.26;0.00;0.00;0.91;2023-09-09 08:00:00+02:00;9.00;126.00;2.00;124.00;2023-09-09 06:00:00+00:00;51.00;52.00;51.00
2023-09-09;9;100.00;-0.26;0.00;0.00;0.91;2023-09-09 09:00:00+02:00;9.00;219.00;3.00;216.00;2023-09-09 07:00:00+00:00;52.00;53.00;52.00
2023-09-09;10;100.00;-0.26;0.00;0.00;0.91;2023-09-09 10:00:00+02:00;9.00;315.00;3.00;312.00;2023-09-09 08:00:00+00:00;54.00;53.00;54.00
2023-09-09;11;100.00;-0.26;0.00;0.00;0.91;2023-09-09 11:00:00+02:00;9.00;368.00;6.00;362.00;2023-09-09 09:00:00+00:00;56.00;57.00;56.00
2023-09-09;12;100.00;-0.26;0.00;0.00;0.91;2023-09-09 12:00:00+02:00;9.00;367.00;5.00;362.00;2023-09-09 10:00:00+00:00;56.00;56.00;56.00
2023-09-09;13;100.00;-0.26;0.00;0.00;0.91;2023-09-09 13:00:00+02:00;9.00;431.00;5.00;426.00;2023-09-09 11:00:00+00:00;54.00;53.00;54.00
2023-09-09;14;100.00;-0.26;0.00;0.00;0.91;2023-09-09 14:00:00+02:00;9.00;432.00;4.00;428.00;2023-09-09 12:00:00+00:00;57.00;57.00;57.00
2023-09-09;15;100.00;-0.26;0.00;0.00;0.91;2023-09-09 15:00:00+02:00;9.00;383.00;4.00;379.00;2023-09-09 13:00:00+00:00;56.00;56.00;56.00
2023-09-09;16;100.00;-0.26;0.00;0.00;0.91;2023-09-09 16:00:00+02:00;9.00;351.00;5.00;346.00;2023-09-09 14:00:00+00:00;57.00;57.00;57.00
2023-09-09;17;100.00;-0.26;0.00;0.00;0.91;2023-09-09 17:00:00+02:00;9.00;294.00;4.00;290.00;2023-09-09 15:00:00+00:00;57.00;58.00;57.00
2023-09-09;18;100.00;-0.26;0.00;0.00;0.91;2023-09-09 18:00:00+02:00;9.00;312.00;0.00;312.00;2023-09-09 16:00:00+00:00;54.00;NaN;54.00
2023-09-09;19;100.00;-0.26;0.00;0.00;0.91;2023-09-09 19:00:00+02:00;9.00;264.00;1.00;263.00;2023-09-09 17:00:00+00:00;53.00;55.00;53.00
2023-09-09;20;100.00;-0.26;0.00;0.00;0.91;2023-09-09 20:00:00+02:00;9.00;255.00;0.00;255.00;2023-09-09 18:00:00+00:00;55.00;NaN;55.00
2023-09-09;21;100.00;-0.26;0.00;0.00;0.91;2023-09-09 21:00:00+02:00;9.00;234.00;2.00;232.00;2023-09-09 19:00:00+00:00;53.00;50.00;53.00
2023-09-09;22;100.00;-0.26;0.00;0.00;0.91;2023-09-09 22:00:00+02:00;9.00;227.00;0.00;227.00;2023-09-09 20:00:00+00:00;53.00;NaN;53.00
2023-09-09;23;100.00;-0.26;0.00;0.00;0.91;2023-09-09 23:00:00+02:00;9.00;169.00;0.00;169.00;2023-09-09 21:00:00+00:00;56.00;NaN;56.00
2023-09-10;0;100.00;-0.26;0.00;0.00;0.91;2023-09-10 00:00:00+02:00;9.00;126.00;0.00;126.00;2023-09-09 22:00:00+00:00;56.00;NaN;56.00
2023-09-10;1;100.00;-0.26;0.00;0.00;0.91;2023-09-10 01:00:00+02:00;9.00;99.00;0.00;99.00;2023-09-09 23:00:00+00:00;53.00;NaN;53.00
2023-09-10;2;100.00;-1.21;-1.57;0.00;0.90;2023-09-10 02:00:00+02:00;9.00;54.00;0.00;54.00;2023-09-10 00:00:00+00:00;55.00;NaN;55.00
2023-09-10;3;100.00;-1.21;-1.57;0.00;0.90;2023-09-10 03:00:00+02:00;9.00;49.00;0.00;49.00;2023-09-10 01:00:00+00:00;60.00;NaN;60.00
2023-09-10;4;100.00;-1.21;-1.57;0.00;0.90;2023-09-10 04:00:00+02:00;9.00;38.00;0.00;38.00;2023-09-10 02:00:00+00:00;60.00;NaN;60.00
2023-09-10;5;100.00;-1.21;-1.57;0.00;0.90;2023-09-10 05:00:00+02:00;9.00;39.00;0.00;39.00;2023-09-10 03:00:00+00:00;58.00;NaN;58.00
2023-09-10;6;100.00;-1.21;-1.57;0.00;0.90;2023-09-10 06:00:00+02:00;9.00;45.00;0.00;45.00;2023-09-10 04:00:00+00:00;59.00;NaN;59.00
2023-09-10;7;100.00;-1.21;-1.57;0.00;0.90;2023-09-10 07:00:00+02:00;9.00;52.00;0.00;52.00;2023-09-10 05:00:00+00:00;55.00;NaN;55.00
2023-09-10;8;100.00;-1.21;-1.57;0.00;0.90;2023-09-10 08:00:00+02:00;9.00;83.00;0.00;83.00;2023-09-10 06:00:00+00:00;53.00;NaN;53.00
2023-09-10;9;100.00;-1.21;-1.57;0.00;0.90;2023-09-10 09:00:00+02:00;9.00;137.00;0.00;137.00;2023-09-10 07:00:00+00:00;52.00;NaN;52.00
2023-09-10;10;100.00;-1.21;-1.57;0.00;0.90;2023-09-10 10:00:00+02:00;9.00;190.00;0.00;190.00;2023-09-10 08:00:00+00:00;53.00;NaN;53.00
2023-09-10;11;100.00;-1.21;-1.57;0.00;0.90;2023-09-10 11:00:00+02:00;9.00;251.00;0.00;251.00;2023-09-10 09:00:00+00:00;56.00;NaN;56.00
2023-09-10;12;100.00;-1.21;-1.57;0.00;0.90;2023-09-10 12:00:00+02:00;9.00;252.00;3.00;249.00;2023-09-10 10:00:00+00:00;57.00;58.00;57.00
2023-09-10;13;100.00;-1.21;-1.57;0.00;0.90;2023-09-10 13:00:00+02:00;9.00;297.00;4.00;293.00;2023-09-10 11:00:00+00:00;57.00;56.00;57.00
2023-09-10;14;100.00;-1.21;-1.57;0.00;0.90;2023-09-10 14:00:00+02:00;9.00;338.00;3.00;335.00;2023-09-10 12:00:00+00:00;59.00;57.00;59.00
2023-09-10;15;100.00;-1.21;-1.57;0.00;0.90;2023-09-10 15:00:00+02:00;9.00;235.00;0.00;235.00;2023-09-10 13:00:00+00:00;57.00;NaN;57.00
2023-09-10;16;100.00;-1.21;-1.57;0.00;0.90;2023-09-10 16:00:00+02:00;9.00;222.00;3.00;219.00;2023-09-10 14:00:00+00:00;54.00;52.00;54.00
2023-09-10;17;100.00;-1.21;-1.57;0.00;0.90;2023-09-10 17:00:00+02:00;9.00;250.00;1.00;249.00;2023-09-10 15:00:00+00:00;57.00;53.00;57.00
2023-09-10;18;100.00;-1.21;-1.57;0.00;0.90;2023-09-10 18:00:00+02:00;9.00;261.00;0.00;261.00;2023-09-10 16:00:00+00:00;55.00;NaN;55.00
2023-09-10;19;100.00;-1.21;-1.57;0.00;0.90;2023-09-10 19:00:00+02:00;9.00;241.00;0.00;241.00;2023-09-10 17:00:00+00:00;55.00;NaN;55.00
2023-09-10;20;100.00;-1.21;-1.57;0.00;0.90;2023-09-10 20:00:00+02:00;9.00;236.00;0.00;236.00;2023-09-10 18:00:00+00:00;54.00;NaN;54.00
2023-09-10;21;100.00;-1.21;-1.57;0.00;0.90;2023-09-10 21:00:00+02:00;9.00;187.00;1.00;186.00;2023-09-10 19:00:00+00:00;54.00;55.00;54.00
2023-09-10;22;100.00;-1.21;-1.57;0.00;0.90;2023-09-10 22:00:00+02:00;9.00;162.00;0.00;162.00;2023-09-10 20:00:00+00:00;54.00;NaN;54.00
2023-09-10;23;100.00;-1.21;-1.57;0.00;0.90;2023-09-10 23:00:00+02:00;9.00;93.00;0.00;93.00;2023-09-10 21:00:00+00:00;55.00;NaN;55.00
2023-09-11;0;100.00;-1.21;-1.57;0.00;0.90;2023-09-11 00:00:00+02:00;9.00;63.00;0.00;63.00;2023-09-10 22:00:00+00:00;54.00;NaN;54.00
2023-09-11;1;100.00;-1.21;-1.57;0.00;0.90;2023-09-11 01:00:00+02:00;9.00;34.00;0.00;34.00;2023-09-10 23:00:00+00:00;57.00;NaN;57.00
2023-09-11;2;100.00;0.70;0.00;0.00;0.96;2023-09-11 02:00:00+02:00;9.00;20.00;0.00;20.00;2023-09-11 00:00:00+00:00;62.00;NaN;62.00
2023-09-11;3;100.00;0.70;0.00;0.00;0.96;2023-09-11 03:00:00+02:00;9.00;26.00;0.00;26.00;2023-09-11 01:00:00+00:00;57.00;NaN;57.00
2023-09-11;4;100.00;0.70;0.00;0.00;0.96;2023-09-11 04:00:00+02:00;9.00;29.00;1.00;28.00;2023-09-11 02:00:00+00:00;59.00;72.00;58.00
2023-09-11;5;100.00;0.70;0.00;0.00;0.96;2023-09-11 05:00:00+02:00;9.00;98.00;2.00;96.00;2023-09-11 03:00:00+00:00;55.00;56.00;55.00
2023-09-11;6;100.00;0.70;0.00;0.00;0.96;2023-09-11 06:00:00+02:00;9.00;197.00;6.00;191.00;2023-09-11 04:00:00+00:00;54.00;53.00;54.00
2023-09-11;7;100.00;0.70;0.00;0.00;0.96;2023-09-11 07:00:00+02:00;9.00;325.00;18.00;307.00;2023-09-11 05:00:00+00:00;52.00;52.00;52.00
2023-09-11;8;100.00;0.70;0.00;0.00;0.96;2023-09-11 08:00:00+02:00;9.00;413.00;13.00;400.00;2023-09-11 06:00:00+00:00;50.00;50.00;50.00
2023-09-11;9;100.00;0.70;0.00;0.00;0.96;2023-09-11 09:00:00+02:00;9.00;358.00;13.00;345.00;2023-09-11 07:00:00+00:00;51.00;50.00;51.00
2023-09-11;10;100.00;0.70;0.00;0.00;0.96;2023-09-11 10:00:00+02:00;9.00;383.00;11.00;372.00;2023-09-11 08:00:00+00:00;52.00;52.00;52.00
2023-09-11;11;100.00;0.70;0.00;0.00;0.96;2023-09-11 11:00:00+02:00;9.00;414.00;11.00;403.00;2023-09-11 09:00:00+00:00;55.00;54.00;55.00
2023-09-11;12;100.00;0.70;0.00;0.00;0.96;2023-09-11 12:00:00+02:00;9.00;445.00;16.00;429.00;2023-09-11 10:00:00+00:00;54.00;54.00;54.00
2023-09-11;13;100.00;0.70;0.00;0.00;0.96;2023-09-11 13:00:00+02:00;9.00;542.00;18.00;524.00;2023-09-11 11:00:00+00:00;53.00;53.00;53.00
2023-09-11;14;100.00;0.70;0.00;0.00;0.96;2023-09-11 14:00:00+02:00;9.00;642.00;14.00;628.00;2023-09-11 12:00:00+00:00;51.00;52.00;51.00
2023-09-11;15;100.00;0.70;0.00;0.00;0.96;2023-09-11 15:00:00+02:00;9.00;730.00;16.00;714.00;2023-09-11 13:00:00+00:00;47.00;48.00;47.00
2023-09-11;16;100.00;0.70;0.00;0.00;0.96;2023-09-11 16:00:00+02:00;9.00;677.00;18.00;659.00;2023-09-11 14:00:00+00:00;47.00;47.00;47.00
2023-09-11;17;83.00;0.70;0.00;0.00;0.96;2023-09-11 17:00:00+02:00;9.00;628.00;12.00;616.00;2023-09-11 15:00:00+00:00;52.00;53.00;52.00
2023-09-12;7;17.00;0.35;0.00;0.00;0.95;2023-09-12 07:00:00+02:00;9.00;390.00;12.00;378.00;2023-09-12 05:00:00+00:00;49.00;50.00;49.00
2023-09-12;8;100.00;0.35;0.00;0.00;0.95;2023-09-12 08:00:00+02:00;9.00;383.00;9.00;374.00;2023-09-12 06:00:00+00:00;52.00;51.00;52.00
2023-09-12;9;100.00;0.35;0.00;0.00;0.95;2023-09-12 09:00:00+02:00;9.00;361.00;15.00;346.00;2023-09-12 07:00:00+00:00;51.00;51.00;51.00
2023-09-12;10;83.00;0.35;0.00;0.00;0.95;2023-09-12 10:00:00+02:00;9.00;378.00;10.00;368.00;2023-09-12 08:00:00+00:00;53.00;55.00;53.00
2023-09-12;11;100.00;0.35;0.00;0.00;0.95;2023-09-12 11:00:00+02:00;9.00;422.00;19.00;403.00;2023-09-12 09:00:00+00:00;54.00;54.00;54.00
2023-09-12;12;100.00;0.35;0.00;0.00;0.95;2023-09-12 12:00:00+02:00;9.00;450.00;19.00;431.00;2023-09-12 10:00:00+00:00;55.00;55.00;55.00
2023-09-12;13;100.00;0.35;0.00;0.00;0.95;2023-09-12 13:00:00+02:00;9.00;543.00;17.00;526.00;2023-09-12 11:00:00+00:00;54.00;53.00;54.00
2023-09-12;14;100.00;0.35;0.00;0.00;0.95;2023-09-12 14:00:00+02:00;9.00;660.00;17.00;643.00;2023-09-12 12:00:00+00:00;36.00;34.00;36.00
2023-09-12;15;100.00;0.35;0.00;0.00;0.95;2023-09-12 15:00:00+02:00;9.00;750.00;21.00;729.00;2023-09-12 13:00:00+00:00;35.00;32.00;35.00
2023-09-12;16;100.00;0.35;0.00;0.00;0.95;2023-09-12 16:00:00+02:00;9.00;763.00;25.00;738.00;2023-09-12 14:00:00+00:00;43.00;42.00;43.00
2023-09-12;17;100.00;0.35;0.00;0.00;0.95;2023-09-12 17:00:00+02:00;9.00;700.00;10.00;690.00;2023-09-12 15:00:00+00:00;50.00;50.00;50.00
2023-09-12;18;100.00;0.35;0.00;0.00;0.95;2023-09-12 18:00:00+02:00;9.00;597.00;3.00;594.00;2023-09-12 16:00:00+00:00;52.00;54.00;52.00
2023-09-12;19;100.00;0.35;0.00;0.00;0.95;2023-09-12 19:00:00+02:00;9.00;412.00;3.00;409.00;2023-09-12 17:00:00+00:00;53.00;54.00;53.00
2023-09-12;20;100.00;0.35;0.00;0.00;0.95;2023-09-12 20:00:00+02:00;9.00;322.00;3.00;319.00;2023-09-12 18:00:00+00:00;54.00;53.00;54.00
2023-09-12;21;100.00;0.35;0.00;0.00;0.95;2023-09-12 21:00:00+02:00;9.00;228.00;2.00;226.00;2023-09-12 19:00:00+00:00;55.00;58.00;55.00
2023-09-12;22;100.00;0.35;0.00;0.00;0.95;2023-09-12 22:00:00+02:00;9.00;167.00;1.00;166.00;2023-09-12 20:00:00+00:00;56.00;56.00;56.00
2023-09-12;23;100.00;0.35;0.00;0.00;0.95;2023-09-12 23:00:00+02:00;9.00;135.00;0.00;135.00;2023-09-12 21:00:00+00:00;56.00;NaN;56.00
2023-09-13;0;100.00;0.35;0.00;0.00;0.95;2023-09-13 00:00:00+02:00;9.00;74.00;0.00;74.00;2023-09-12 22:00:00+00:00;56.00;NaN;56.00
2023-09-13;1;100.00;0.35;0.00;0.00;0.95;2023-09-13 01:00:00+02:00;9.00;42.00;0.00;42.00;2023-09-12 23:00:00+00:00;55.00;NaN;55.00
2023-09-13;2;100.00;0.58;-1.57;0.00;0.96;2023-09-13 02:00:00+02:00;9.00;19.00;1.00;18.00;2023-09-13 00:00:00+00:00;60.00;58.00;60.00
2023-09-13;3;100.00;0.58;-1.57;0.00;0.96;2023-09-13 03:00:00+02:00;9.00;15.00;0.00;15.00;2023-09-13 01:00:00+00:00;55.00;NaN;55.00
2023-09-13;4;100.00;0.58;-1.57;0.00;0.96;2023-09-13 04:00:00+02:00;9.00;47.00;4.00;43.00;2023-09-13 02:00:00+00:00;54.00;56.00;53.00
2023-09-13;5;100.00;0.58;-1.57;0.00;0.96;2023-09-13 05:00:00+02:00;9.00;105.00;4.00;101.00;2023-09-13 03:00:00+00:00;55.00;54.00;55.00
2023-09-13;6;100.00;0.58;-1.57;0.00;0.96;2023-09-13 06:00:00+02:00;9.00;197.00;5.00;192.00;2023-09-13 04:00:00+00:00;55.00;54.00;55.00
2023-09-13;7;100.00;0.58;-1.57;0.00;0.96;2023-09-13 07:00:00+02:00;9.00;271.00;10.00;261.00;2023-09-13 05:00:00+00:00;53.00;53.00;53.00
2023-09-13;8;100.00;0.58;-1.57;0.00;0.96;2023-09-13 08:00:00+02:00;9.00;333.00;7.00;326.00;2023-09-13 06:00:00+00:00;50.00;50.00;50.00
2023-09-13;9;100.00;0.58;-1.57;0.00;0.96;2023-09-13 09:00:00+02:00;9.00;391.00;13.00;378.00;2023-09-13 07:00:00+00:00;53.00;52.00;53.00
2023-09-13;10;100.00;0.58;-1.57;0.00;0.96;2023-09-13 10:00:00+02:00;9.00;377.00;14.00;363.00;2023-09-13 08:00:00+00:00;54.00;53.00;54.00
2023-09-13;11;100.00;0.58;-1.57;0.00;0.96;2023-09-13 11:00:00+02:00;9.00;449.00;18.00;431.00;2023-09-13 09:00:00+00:00;53.00;54.00;53.00
2023-09-13;12;100.00;0.58;-1.57;0.00;0.96;2023-09-13 12:00:00+02:00;9.00;456.00;24.00;432.00;2023-09-13 10:00:00+00:00;53.00;53.00;53.00
2023-09-13;13;100.00;0.58;-1.57;0.00;0.96;2023-09-13 13:00:00+02:00;9.00;578.00;23.00;555.00;2023-09-13 11:00:00+00:00;50.00;50.00;50.00
2023-09-13;14;100.00;0.58;-1.57;0.00;0.96;2023-09-13 14:00:00+02:00;9.00;622.00;17.00;605.00;2023-09-13 12:00:00+00:00;38.00;31.00;39.00
2023-09-13;15;100.00;0.58;-1.57;0.00;0.96;2023-09-13 15:00:00+02:00;9.00;732.00;25.00;707.00;2023-09-13 13:00:00+00:00;27.00;24.00;27.00
2023-09-13;16;100.00;0.58;-1.57;0.00;0.96;2023-09-13 16:00:00+02:00;9.00;677.00;18.00;659.00;2023-09-13 14:00:00+00:00;18.00;18.00;18.00
2023-09-13;17;100.00;0.58;-1.57;0.00;0.96;2023-09-13 17:00:00+02:00;9.00;719.00;13.00;706.00;2023-09-13 15:00:00+00:00;38.00;42.00;38.00
2023-09-13;18;100.00;0.58;-1.57;0.00;0.96;2023-09-13 18:00:00+02:00;9.00;578.00;16.00;562.00;2023-09-13 16:00:00+00:00;53.00;53.00;53.00
2023-09-13;19;100.00;0.58;-1.57;0.00;0.96;2023-09-13 19:00:00+02:00;9.00;433.00;0.00;433.00;2023-09-13 17:00:00+00:00;52.00;NaN;52.00
2023-09-13;20;100.00;0.58;-1.57;0.00;0.96;2023-09-13 20:00:00+02:00;9.00;306.00;3.00;303.00;2023-09-13 18:00:00+00:00;53.00;53.00;53.00
2023-09-13;21;100.00;0.58;-1.57;0.00;0.96;2023-09-13 21:00:00+02:00;9.00;225.00;4.00;221.00;2023-09-13 19:00:00+00:00;54.00;52.00;54.00
2023-09-13;22;100.00;0.58;-1.57;0.00;0.96;2023-09-13 22:00:00+02:00;9.00;192.00;1.00;191.00;2023-09-13 20:00:00+00:00;55.00;50.00;55.00
2023-09-13;23;100.00;0.58;-1.57;0.00;0.96;2023-09-13 23:00:00+02:00;9.00;124.00;0.00;124.00;2023-09-13 21:00:00+00:00;56.00;NaN;56.00
2023-09-14;0;100.00;0.58;-1.57;0.00;0.96;2023-09-14 00:00:00+02:00;9.00;68.00;2.00;66.00;2023-09-13 22:00:00+00:00;55.00;53.00;55.00
2023-09-14;1;100.00;0.58;-1.57;0.00;0.96;2023-09-14 01:00:00+02:00;9.00;46.00;0.00;46.00;2023-09-13 23:00:00+00:00;56.00;NaN;56.00
2023-09-14;2;100.00;0.92;0.00;0.00;0.96;2023-09-14 02:00:00+02:00;9.00;32.00;1.00;31.00;2023-09-14 00:00:00+00:00;55.00;43.00;55.00
2023-09-14;3;100.00;0.92;0.00;0.00;0.96;2023-09-14 03:00:00+02:00;9.00;18.00;0.00;18.00;2023-09-14 01:00:00+00:00;56.00;NaN;56.00
2023-09-14;4;100.00;0.92;0.00;0.00;0.96;2023-09-14 04:00:00+02:00;9.00;35.00;2.00;33.00;2023-09-14 02:00:00+00:00;55.00;55.00;55.00
2023-09-14;5;100.00;0.92;0.00;0.00;0.96;2023-09-14 05:00:00+02:00;9.00;111.00;4.00;107.00;2023-09-14 03:00:00+00:00;54.00;54.00;54.00
2023-09-14;6;100.00;0.92;0.00;0.00;0.96;2023-09-14 06:00:00+02:00;9.00;208.00;2.00;206.00;2023-09-14 04:00:00+00:00;54.00;53.00;54.00
2023-09-14;7;100.00;0.92;0.00;0.00;0.96;2023-09-14 07:00:00+02:00;9.00;363.00;16.00;347.00;2023-09-14 05:00:00+00:00;51.00;51.00;51.00
2023-09-14;8;100.00;0.92;0.00;0.00;0.96;2023-09-14 08:00:00+02:00;9.00;396.00;9.00;387.00;2023-09-14 06:00:00+00:00;51.00;51.00;51.00
2023-09-14;9;100.00;0.92;0.00;0.00;0.96;2023-09-14 09:00:00+02:00;9.00;349.00;10.00;339.00;2023-09-14 07:00:00+00:00;51.00;50.00;51.00
2023-09-14;10;100.00;0.92;0.00;0.00;0.96;2023-09-14 10:00:00+02:00;9.00;414.00;11.00;403.00;2023-09-14 08:00:00+00:00;53.00;52.00;53.00
2023-09-14;11;100.00;0.92;0.00;0.00;0.96;2023-09-14 11:00:00+02:00;9.00;421.00;15.00;406.00;2023-09-14 09:00:00+00:00;55.00;55.00;55.00
2023-09-14;12;100.00;0.92;0.00;0.00;0.96;2023-09-14 12:00:00+02:00;9.00;482.00;12.00;470.00;2023-09-14 10:00:00+00:00;54.00;54.00;54.00
2023-09-14;13;100.00;0.92;0.00;0.00;0.96;2023-09-14 13:00:00+02:00;9.00;546.00;17.00;529.00;2023-09-14 11:00:00+00:00;54.00;54.00;53.00
2023-09-14;14;92.00;0.92;0.00;0.00;0.96;2023-09-14 14:00:00+02:00;9.00;644.00;27.00;616.00;2023-09-14 12:00:00+00:00;44.00;44.00;44.00
2023-09-14;15;100.00;0.92;0.00;0.00;0.96;2023-09-14 15:00:00+02:00;9.00;637.00;29.00;608.00;2023-09-14 13:00:00+00:00;31.00;28.00;31.00
2023-09-14;16;100.00;0.92;0.00;0.00;0.96;2023-09-14 16:00:00+02:00;9.00;761.00;38.00;723.00;2023-09-14 14:00:00+00:00;28.00;28.00;28.00
2023-09-14;17;100.00;0.92;0.00;0.00;0.96;2023-09-14 17:00:00+02:00;9.00;725.00;22.00;703.00;2023-09-14 15:00:00+00:00;36.00;31.00;36.00
2023-09-14;18;92.00;0.92;0.00;0.00;0.96;2023-09-14 18:00:00+02:00;9.00;635.00;11.00;624.00;2023-09-14 16:00:00+00:00;49.00;49.00;49.00
2023-09-14;19;100.00;0.92;0.00;0.00;0.96;2023-09-14 19:00:00+02:00;9.00;445.00;3.00;442.00;2023-09-14 17:00:00+00:00;53.00;52.00;53.00
2023-09-14;20;100.00;0.92;0.00;0.00;0.96;2023-09-14 20:00:00+02:00;9.00;374.00;1.00;373.00;2023-09-14 18:00:00+00:00;53.00;54.00;53.00
2023-09-14;21;100.00;0.92;0.00;0.00;0.96;2023-09-14 21:00:00+02:00;9.00;262.00;2.00;260.00;2023-09-14 19:00:00+00:00;54.00;53.00;54.00
2023-09-14;22;100.00;0.92;0.00;0.00;0.96;2023-09-14 22:00:00+02:00;9.00;224.00;0.00;224.00;2023-09-14 20:00:00+00:00;54.00;NaN;54.00
2023-09-14;23;100.00;0.92;0.00;0.00;0.96;2023-09-14 23:00:00+02:00;9.00;131.00;0.00;131.00;2023-09-14 21:00:00+00:00;54.00;NaN;54.00
2023-09-15;0;100.00;0.92;0.00;0.00;0.96;2023-09-15 00:00:00+02:00;9.00;83.00;0.00;83.00;2023-09-14 22:00:00+00:00;54.00;NaN;54.00
2023-09-15;1;100.00;0.92;0.00;0.00;0.96;2023-09-15 01:00:00+02:00;9.00;45.00;1.00;44.00;2023-09-14 23:00:00+00:00;57.00;61.00;57.00
2023-09-15;2;100.00;0.85;0.00;0.00;0.95;2023-09-15 02:00:00+02:00;9.00;26.00;0.00;26.00;2023-09-15 00:00:00+00:00;56.00;NaN;56.00
2023-09-15;3;100.00;0.85;0.00;0.00;0.95;2023-09-15 03:00:00+02:00;9.00;26.00;0.00;26.00;2023-09-15 01:00:00+00:00;55.00;NaN;55.00
2023-09-15;4;100.00;0.85;0.00;0.00;0.95;2023-09-15 04:00:00+02:00;9.00;36.00;2.00;34.00;2023-09-15 02:00:00+00:00;54.00;52.00;54.00
2023-09-15;5;100.00;0.85;0.00;0.00;0.95;2023-09-15 05:00:00+02:00;9.00;112.00;6.00;106.00;2023-09-15 03:00:00+00:00;51.00;49.00;52.00
2023-09-15;6;100.00;0.85;0.00;0.00;0.95;2023-09-15 06:00:00+02:00;9.00;194.00;4.00;190.00;2023-09-15 04:00:00+00:00;52.00;51.00;52.00
2023-09-15;7;100.00;0.85;0.00;0.00;0.95;2023-09-15 07:00:00+02:00;9.00;309.00;10.00;299.00;2023-09-15 05:00:00+00:00;51.00;51.00;51.00
2023-09-15;8;100.00;0.85;0.00;0.00;0.95;2023-09-15 08:00:00+02:00;9.00;418.00;13.00;405.00;2023-09-15 06:00:00+00:00;50.00;50.00;50.00
2023-09-15;9;100.00;0.85;0.00;0.00;0.95;2023-09-15 09:00:00+02:00;9.00;415.00;21.00;394.00;2023-09-15 07:00:00+00:00;49.00;50.00;49.00
2023-09-15;10;100.00;0.85;0.00;0.00;0.95;2023-09-15 10:00:00+02:00;9.00;429.00;11.00;418.00;2023-09-15 08:00:00+00:00;52.00;51.00;53.00
2023-09-15;11;100.00;0.85;0.00;0.00;0.95;2023-09-15 11:00:00+02:00;9.00;451.00;15.00;436.00;2023-09-15 09:00:00+00:00;55.00;55.00;55.00
2023-09-15;12;100.00;0.85;0.00;0.00;0.95;2023-09-15 12:00:00+02:00;9.00;560.00;21.00;539.00;2023-09-15 10:00:00+00:00;53.00;53.00;53.00
2023-09-15;13;100.00;0.85;0.00;0.00;0.95;2023-09-15 13:00:00+02:00;9.00;631.00;22.00;609.00;2023-09-15 11:00:00+00:00;50.00;51.00;50.00
2023-09-15;14;100.00;0.85;0.00;0.00;0.95;2023-09-15 14:00:00+02:00;9.00;694.00;20.00;674.00;2023-09-15 12:00:00+00:00;46.00;46.00;46.00
2023-09-15;15;100.00;0.85;0.00;0.00;0.95;2023-09-15 15:00:00+02:00;9.00;779.00;26.00;753.00;2023-09-15 13:00:00+00:00;43.00;42.00;44.00
2023-09-15;16;100.00;0.85;0.00;0.00;0.95;2023-09-15 16:00:00+02:00;9.00;688.00;29.00;659.00;2023-09-15 14:00:00+00:00;35.00;32.00;35.00
2023-09-15;17;100.00;0.85;0.00;0.00;0.95;2023-09-15 17:00:00+02:00;9.00;599.00;12.00;587.00;2023-09-15 15:00:00+00:00;51.00;49.00;51.00
2023-09-15;18;100.00;0.85;0.00;0.00;0.95;2023-09-15 18:00:00+02:00;9.00;497.00;8.00;489.00;2023-09-15 16:00:00+00:00;52.00;52.00;52.00
2023-09-15;19;100.00;0.85;0.00;0.00;0.95;2023-09-15 19:00:00+02:00;9.00;396.00;4.00;392.00;2023-09-15 17:00:00+00:00;52.00;52.00;52.00
2023-09-15;20;100.00;0.85;0.00;0.00;0.95;2023-09-15 20:00:00+02:00;9.00;331.00;2.00;329.00;2023-09-15 18:00:00+00:00;51.00;50.00;51.00
2023-09-15;21;100.00;0.85;0.00;0.00;0.95;2023-09-15 21:00:00+02:00;9.00;261.00;0.00;261.00;2023-09-15 19:00:00+00:00;53.00;NaN;53.00
2023-09-15;22;100.00;0.85;0.00;0.00;0.95;2023-09-15 22:00:00+02:00;9.00;226.00;0.00;226.00;2023-09-15 20:00:00+00:00;52.00;NaN;52.00
2023-09-15;23;100.00;0.85;0.00;0.00;0.95;2023-09-15 23:00:00+02:00;9.00;196.00;0.00;196.00;2023-09-15 21:00:00+00:00;53.00;NaN;53.00
2023-09-16;0;100.00;0.85;0.00;0.00;0.95;2023-09-16 00:00:00+02:00;9.00;124.00;0.00;124.00;2023-09-15 22:00:00+00:00;52.00;NaN;52.00
2023-09-16;1;100.00;0.85;0.00;0.00;0.95;2023-09-16 01:00:00+02:00;9.00;80.00;0.00;80.00;2023-09-15 23:00:00+00:00;56.00;NaN;56.00
2023-09-16;2;100.00;-0.94;0.00;0.00;0.92;2023-09-16 02:00:00+02:00;9.00;51.00;0.00;51.00;2023-09-16 00:00:00+00:00;55.00;NaN;55.00
2023-09-16;3;100.00;-0.94;0.00;0.00;0.92;2023-09-16 03:00:00+02:00;9.00;47.00;0.00;47.00;2023-09-16 01:00:00+00:00;57.00;NaN;57.00
2023-09-16;4;100.00;-0.94;0.00;0.00;0.92;2023-09-16 04:00:00+02:00;9.00;39.00;2.00;37.00;2023-09-16 02:00:00+00:00;55.00;54.00;56.00
2023-09-16;5;100.00;-0.94;0.00;0.00;0.92;2023-09-16 05:00:00+02:00;9.00;56.00;3.00;53.00;2023-09-16 03:00:00+00:00;54.00;55.00;54.00
2023-09-16;6;100.00;-0.94;0.00;0.00;0.92;2023-09-16 06:00:00+02:00;9.00;53.00;1.00;52.00;2023-09-16 04:00:00+00:00;55.00;52.00;55.00
2023-09-16;7;100.00;-0.94;0.00;0.00;0.92;2023-09-16 07:00:00+02:00;9.00;75.00;1.00;74.00;2023-09-16 05:00:00+00:00;56.00;55.00;56.00
2023-09-16;8;100.00;-0.94;0.00;0.00;0.92;2023-09-16 08:00:00+02:00;9.00;137.00;3.00;134.00;2023-09-16 06:00:00+00:00;53.00;54.00;53.00
2023-09-16;9;92.00;-0.94;0.00;0.00;0.92;2023-09-16 09:00:00+02:00;9.00;190.00;2.00;188.00;2023-09-16 07:00:00+00:00;52.00;50.00;52.00
2023-09-16;10;100.00;-0.94;0.00;0.00;0.92;2023-09-16 10:00:00+02:00;9.00;265.00;1.00;264.00;2023-09-16 08:00:00+00:00;56.00;53.00;56.00
2023-09-16;11;100.00;-0.94;0.00;0.00;0.92;2023-09-16 11:00:00+02:00;9.00;362.00;5.00;357.00;2023-09-16 09:00:00+00:00;55.00;56.00;55.00
2023-09-16;12;100.00;-0.94;0.00;0.00;0.92;2023-09-16 12:00:00+02:00;9.00;365.00;4.00;361.00;2023-09-16 10:00:00+00:00;56.00;57.00;56.00
2023-09-16;13;100.00;-0.94;0.00;0.00;0.92;2023-09-16 13:00:00+02:00;9.00;392.00;1.00;391.00;2023-09-16 11:00:00+00:00;55.00;55.00;55.00
2023-09-16;14;100.00;-0.94;0.00;0.00;0.92;2023-09-16 14:00:00+02:00;9.00;438.00;7.00;431.00;2023-09-16 12:00:00+00:00;56.00;55.00;56.00
2023-09-16;15;100.00;-0.94;0.00;0.00;0.92;2023-09-16 15:00:00+02:00;9.00;376.00;4.00;372.00;2023-09-16 13:00:00+00:00;56.00;56.00;56.00
2023-09-16;16;100.00;-0.94;0.00;0.00;0.92;2023-09-16 16:00:00+02:00;9.00;385.00;10.00;375.00;2023-09-16 14:00:00+00:00;56.00;56.00;56.00
2023-09-16;17;100.00;-0.94;0.00;0.00;0.92;2023-09-16 17:00:00+02:00;9.00;373.00;3.00;370.00;2023-09-16 15:00:00+00:00;55.00;55.00;55.00
2023-09-16;18;100.00;-0.94;0.00;0.00;0.92;2023-09-16 18:00:00+02:00;9.00;342.00;1.00;341.00;2023-09-16 16:00:00+00:00;53.00;53.00;53.00
2023-09-16;19;100.00;-0.94;0.00;0.00;0.92;2023-09-16 19:00:00+02:00;9.00;331.00;4.00;327.00;2023-09-16 17:00:00+00:00;53.00;54.00;53.00
2023-09-16;20;100.00;-0.94;0.00;0.00;0.92;2023-09-16 20:00:00+02:00;9.00;278.00;2.00;276.00;2023-09-16 18:00:00+00:00;52.00;54.00;52.00
2023-09-16;21;100.00;-0.94;0.00;0.00;0.92;2023-09-16 21:00:00+02:00;9.00;228.00;1.00;227.00;2023-09-16 19:00:00+00:00;51.00;52.00;51.00
2023-09-16;22;100.00;-0.94;0.00;0.00;0.92;2023-09-16 22:00:00+02:00;9.00;210.00;0.00;210.00;2023-09-16 20:00:00+00:00;51.00;NaN;51.00
2023-09-16;23;100.00;-0.94;0.00;0.00;0.92;2023-09-16 23:00:00+02:00;9.00;188.00;0.00;188.00;2023-09-16 21:00:00+00:00;53.00;NaN;53.00
2023-09-17;0;100.00;-0.94;0.00;0.00;0.92;2023-09-17 00:00:00+02:00;9.00;154.00;1.00;153.00;2023-09-16 22:00:00+00:00;53.00;53.00;53.00
2023-09-17;1;100.00;-0.94;0.00;0.00;0.92;2023-09-17 01:00:00+02:00;9.00;115.00;0.00;115.00;2023-09-16 23:00:00+00:00;55.00;NaN;55.00
2023-09-17;2;100.00;-1.09;0.00;0.00;0.92;2023-09-17 02:00:00+02:00;9.00;66.00;0.00;66.00;2023-09-17 00:00:00+00:00;58.00;NaN;58.00
2023-09-17;3;100.00;-1.09;0.00;0.00;0.92;2023-09-17 03:00:00+02:00;9.00;51.00;2.00;49.00;2023-09-17 01:00:00+00:00;53.00;56.00;53.00
2023-09-17;4;100.00;-1.09;0.00;0.00;0.92;2023-09-17 04:00:00+02:00;9.00;49.00;0.00;49.00;2023-09-17 02:00:00+00:00;59.00;NaN;59.00
2023-09-17;5;100.00;-1.09;0.00;0.00;0.92;2023-09-17 05:00:00+02:00;9.00;44.00;0.00;44.00;2023-09-17 03:00:00+00:00;56.00;NaN;56.00
2023-09-17;6;100.00;-1.09;0.00;0.00;0.92;2023-09-17 06:00:00+02:00;9.00;49.00;0.00;49.00;2023-09-17 04:00:00+00:00;55.00;NaN;55.00
2023-09-17;7;100.00;-1.09;0.00;0.00;0.92;2023-09-17 07:00:00+02:00;9.00;42.00;0.00;42.00;2023-09-17 05:00:00+00:00;57.00;NaN;57.00
2023-09-17;8;100.00;-1.09;0.00;0.00;0.92;2023-09-17 08:00:00+02:00;9.00;76.00;0.00;76.00;2023-09-17 06:00:00+00:00;53.00;NaN;53.00
2023-09-17;9;100.00;-1.09;0.00;0.00;0.92;2023-09-17 09:00:00+02:00;9.00;156.00;0.00;156.00;2023-09-17 07:00:00+00:00;54.00;NaN;54.00
2023-09-17;10;100.00;-1.09;0.00;0.00;0.92;2023-09-17 10:00:00+02:00;9.00;201.00;2.00;199.00;2023-09-17 08:00:00+00:00;56.00;56.00;56.00
2023-09-17;11;100.00;-1.09;0.00;0.00;0.92;2023-09-17 11:00:00+02:00;9.00;263.00;2.00;261.00;2023-09-17 09:00:00+00:00;56.00;56.00;56.00
2023-09-17;12;100.00;-1.09;0.00;0.00;0.92;2023-09-17 12:00:00+02:00;9.00;287.00;0.00;287.00;2023-09-17 10:00:00+00:00;56.00;NaN;56.00
2023-09-17;13;100.00;-1.09;0.00;0.00;0.92;2023-09-17 13:00:00+02:00;9.00;317.00;1.00;316.00;2023-09-17 11:00:00+00:00;55.00;53.00;55.00
2023-09-17;14;100.00;-1.09;0.00;0.00;0.92;2023-09-17 14:00:00+02:00;9.00;285.00;2.00;283.00;2023-09-17 12:00:00+00:00;56.00;57.00;56.00
2023-09-17;15;100.00;-1.09;0.00;0.00;0.92;2023-09-17 15:00:00+02:00;9.00;290.00;2.00;288.00;2023-09-17 13:00:00+00:00;56.00;57.00;56.00
2023-09-17;16;100.00;-1.09;0.00;0.00;0.92;2023-09-17 16:00:00+02:00;9.00;264.00;2.00;262.00;2023-09-17 14:00:00+00:00;55.00;57.00;55.00
2023-09-17;17;100.00;-1.09;0.00;0.00;0.92;2023-09-17 17:00:00+02:00;9.00;285.00;2.00;283.00;2023-09-17 15:00:00+00:00;54.00;52.00;54.00
2023-09-17;18;100.00;-1.09;0.00;0.00;0.92;2023-09-17 18:00:00+02:00;9.00;282.00;0.00;282.00;2023-09-17 16:00:00+00:00;53.00;NaN;53.00
2023-09-17;19;100.00;-1.09;0.00;0.00;0.92;2023-09-17 19:00:00+02:00;9.00;276.00;1.00;275.00;2023-09-17 17:00:00+00:00;54.00;56.00;54.00
2023-09-17;20;100.00;-1.09;0.00;0.00;0.92;2023-09-17 20:00:00+02:00;9.00;200.00;2.00;198.00;2023-09-17 18:00:00+00:00;54.00;53.00;54.00
2023-09-17;21;100.00;-1.09;0.00;0.00;0.92;2023-09-17 21:00:00+02:00;9.00;202.00;2.00;200.00;2023-09-17 19:00:00+00:00;53.00;50.00;53.00
2023-09-17;22;100.00;-1.09;0.00;0.00;0.92;2023-09-17 22:00:00+02:00;9.00;154.00;0.00;154.00;2023-09-17 20:00:00+00:00;53.00;NaN;53.00
2023-09-17;23;100.00;-1.09;0.00;0.00;0.92;2023-09-17 23:00:00+02:00;9.00;114.00;0.00;114.00;2023-09-17 21:00:00+00:00;54.00;NaN;54.00
2023-09-18;0;100.00;-1.09;0.00;0.00;0.92;2023-09-18 00:00:00+02:00;9.00;66.00;0.00;66.00;2023-09-17 22:00:00+00:00;51.00;NaN;51.00
2023-09-18;1;100.00;-1.09;0.00;0.00;0.92;2023-09-18 01:00:00+02:00;9.00;37.00;0.00;37.00;2023-09-17 23:00:00+00:00;56.00;NaN;56.00
2023-09-18;2;100.00;0.85;0.00;0.00;0.96;2023-09-18 02:00:00+02:00;9.00;20.00;0.00;20.00;2023-09-18 00:00:00+00:00;56.00;NaN;56.00
2023-09-18;3;100.00;0.85;0.00;0.00;0.96;2023-09-18 03:00:00+02:00;9.00;12.00;0.00;12.00;2023-09-18 01:00:00+00:00;50.00;NaN;50.00
2023-09-18;4;100.00;0.85;0.00;0.00;0.96;2023-09-18 04:00:00+02:00;9.00;36.00;1.00;35.00;2023-09-18 02:00:00+00:00;55.00;51.00;55.00
2023-09-18;5;100.00;0.85;0.00;0.00;0.96;2023-09-18 05:00:00+02:00;9.00;113.00;5.00;108.00;2023-09-18 03:00:00+00:00;53.00;54.00;53.00
2023-09-18;6;100.00;0.85;0.00;0.00;0.96;2023-09-18 06:00:00+02:00;9.00;200.00;5.00;195.00;2023-09-18 04:00:00+00:00;52.00;51.00;52.00
2023-09-18;7;100.00;0.85;0.00;0.00;0.96;2023-09-18 07:00:00+02:00;9.00;371.00;13.00;358.00;2023-09-18 05:00:00+00:00;52.00;52.00;52.00
2023-09-18;8;100.00;0.85;0.00;0.00;0.96;2023-09-18 08:00:00+02:00;9.00;354.00;7.00;347.00;2023-09-18 06:00:00+00:00;48.00;48.00;48.00
2023-09-18;9;100.00;0.85;0.00;0.00;0.96;2023-09-18 09:00:00+02:00;9.00;346.00;9.00;337.00;2023-09-18 07:00:00+00:00;50.00;50.00;50.00
2023-09-18;10;100.00;0.85;0.00;0.00;0.96;2023-09-18 10:00:00+02:00;9.00;354.00;7.00;347.00;2023-09-18 08:00:00+00:00;51.00;51.00;51.00
2023-09-18;11;100.00;0.85;0.00;0.00;0.96;2023-09-18 11:00:00+02:00;9.00;429.00;24.00;405.00;2023-09-18 09:00:00+00:00;53.00;53.00;53.00
2023-09-18;12;100.00;0.85;0.00;0.00;0.96;2023-09-18 12:00:00+02:00;9.00;464.00;18.00;446.00;2023-09-18 10:00:00+00:00;54.00;54.00;54.00
2023-09-18;13;100.00;0.85;0.00;0.00;0.96;2023-09-18 13:00:00+02:00;9.00;532.00;18.00;514.00;2023-09-18 11:00:00+00:00;53.00;53.00;53.00
2023-09-18;14;100.00;0.85;0.00;0.00;0.96;2023-09-18 14:00:00+02:00;9.00;651.00;22.00;629.00;2023-09-18 12:00:00+00:00;46.00;45.00;46.00
2023-09-18;15;100.00;0.85;0.00;0.00;0.96;2023-09-18 15:00:00+02:00;9.00;749.00;25.00;724.00;2023-09-18 13:00:00+00:00;43.00;42.00;43.00
2023-09-18;16;100.00;0.85;0.00;0.00;0.96;2023-09-18 16:00:00+02:00;9.00;747.00;14.00;733.00;2023-09-18 14:00:00+00:00;46.00;45.00;46.00
2023-09-18;17;100.00;0.85;0.00;0.00;0.96;2023-09-18 17:00:00+02:00;9.00;672.00;10.00;662.00;2023-09-18 15:00:00+00:00;50.00;49.00;50.00
2023-09-18;18;100.00;0.85;0.00;0.00;0.96;2023-09-18 18:00:00+02:00;9.00;580.00;7.00;573.00;2023-09-18 16:00:00+00:00;51.00;50.00;51.00
2023-09-18;19;100.00;0.85;0.00;0.00;0.96;2023-09-18 19:00:00+02:00;9.00;382.00;3.00;379.00;2023-09-18 17:00:00+00:00;52.00;53.00;52.00
2023-09-18;20;100.00;0.85;0.00;0.00;0.96;2023-09-18 20:00:00+02:00;9.00;290.00;0.00;290.00;2023-09-18 18:00:00+00:00;51.00;NaN;51.00
2023-09-18;21;100.00;0.85;0.00;0.00;0.96;2023-09-18 21:00:00+02:00;9.00;189.00;1.00;188.00;2023-09-18 19:00:00+00:00;53.00;57.00;53.00
2023-09-18;22;100.00;0.85;0.00;0.00;0.96;2023-09-18 22:00:00+02:00;9.00;172.00;0.00;172.00;2023-09-18 20:00:00+00:00;52.00;NaN;52.00
2023-09-18;23;100.00;0.85;0.00;0.00;0.96;2023-09-18 23:00:00+02:00;9.00;104.00;0.00;104.00;2023-09-18 21:00:00+00:00;53.00;NaN;53.00
2023-09-19;0;92.00;0.85;0.00;0.00;0.96;2023-09-19 00:00:00+02:00;9.00;60.00;0.00;60.00;2023-09-18 22:00:00+00:00;52.00;NaN;52.00
2023-09-19;1;92.00;0.85;0.00;0.00;0.96;2023-09-19 01:00:00+02:00;9.00;43.00;1.00;41.00;2023-09-18 23:00:00+00:00;52.00;49.00;52.00
2023-09-19;2;92.00;0.48;0.00;0.00;0.94;2023-09-19 02:00:00+02:00;9.00;21.00;0.00;21.00;2023-09-19 00:00:00+00:00;52.00;NaN;52.00
2023-09-19;3;83.00;0.48;0.00;0.00;0.94;2023-09-19 03:00:00+02:00;9.00;16.00;0.00;16.00;2023-09-19 01:00:00+00:00;52.00;NaN;52.00
2023-09-19;4;92.00;0.48;0.00;0.00;0.94;2023-09-19 04:00:00+02:00;9.00;25.00;0.00;25.00;2023-09-19 02:00:00+00:00;52.00;NaN;52.00
2023-09-19;5;75.00;0.48;0.00;0.00;0.94;2023-09-19 05:00:00+02:00;9.00;109.00;0.00;109.00;2023-09-19 03:00:00+00:00;53.00;NaN;53.00
2023-09-19;6;100.00;0.48;0.00;0.00;0.94;2023-09-19 06:00:00+02:00;9.00;190.00;7.00;183.00;2023-09-19 04:00:00+00:00;49.00;49.00;49.00
2023-09-19;7;92.00;0.48;0.00;0.00;0.94;2023-09-19 07:00:00+02:00;9.00;379.00;11.00;368.00;2023-09-19 05:00:00+00:00;49.00;50.00;49.00
2023-09-19;8;92.00;0.48;0.00;0.00;0.94;2023-09-19 08:00:00+02:00;9.00;416.00;12.00;404.00;2023-09-19 06:00:00+00:00;51.00;50.00;51.00
2023-09-19;9;100.00;0.48;0.00;0.00;0.94;2023-09-19 09:00:00+02:00;9.00;334.00;8.00;326.00;2023-09-19 07:00:00+00:00;53.00;52.00;53.00
2023-09-19;10;92.00;0.48;0.00;0.00;0.94;2023-09-19 10:00:00+02:00;9.00;355.00;14.00;340.00;2023-09-19 08:00:00+00:00;54.00;53.00;54.00
2023-09-19;11;83.00;0.48;0.00;0.00;0.94;2023-09-19 11:00:00+02:00;9.00;410.00;11.00;400.00;2023-09-19 09:00:00+00:00;55.00;54.00;55.00
2023-09-19;12;83.00;0.48;0.00;0.00;0.94;2023-09-19 12:00:00+02:00;9.00;410.00;23.00;388.00;2023-09-19 10:00:00+00:00;54.00;54.00;54.00
2023-09-19;13;100.00;0.48;0.00;0.00;0.94;2023-09-19 13:00:00+02:00;9.00;535.00;16.00;519.00;2023-09-19 11:00:00+00:00;51.00;51.00;51.00
2023-09-19;14;100.00;0.48;0.00;0.00;0.94;2023-09-19 14:00:00+02:00;9.00;610.00;25.00;585.00;2023-09-19 12:00:00+00:00;42.00;41.00;42.00
2023-09-19;15;100.00;0.48;0.00;0.00;0.94;2023-09-19 15:00:00+02:00;9.00;704.00;42.00;662.00;2023-09-19 13:00:00+00:00;36.00;34.00;36.00
2023-09-19;16;100.00;0.48;0.00;0.00;0.94;2023-09-19 16:00:00+02:00;9.00;658.00;17.00;641.00;2023-09-19 14:00:00+00:00;27.00;29.00;27.00
2023-09-19;17;100.00;0.48;0.00;0.00;0.94;2023-09-19 17:00:00+02:00;9.00;663.00;11.00;652.00;2023-09-19 15:00:00+00:00;50.00;50.00;50.00
2023-09-19;18;100.00;0.48;0.00;0.00;0.94;2023-09-19 18:00:00+02:00;9.00;620.00;7.00;613.00;2023-09-19 16:00:00+00:00;50.00;51.00;50.00
2023-09-19;19;100.00;0.48;0.00;0.00;0.94;2023-09-19 19:00:00+02:00;9.00;451.00;7.00;444.00;2023-09-19 17:00:00+00:00;50.00;50.00;50.00
2023-09-19;20;100.00;0.48;0.00;0.00;0.94;2023-09-19 20:00:00+02:00;9.00;327.00;4.00;323.00;2023-09-19 18:00:00+00:00;51.00;53.00;51.00
2023-09-19;21;100.00;0.48;0.00;0.00;0.94;2023-09-19 21:00:00+02:00;9.00;256.00;3.00;253.00;2023-09-19 19:00:00+00:00;52.00;50.00;52.00
2023-09-19;22;100.00;0.48;0.00;0.00;0.94;2023-09-19 22:00:00+02:00;9.00;241.00;3.00;238.00;2023-09-19 20:00:00+00:00;52.00;52.00;52.00
2023-09-19;23;100.00;0.48;0.00;0.00;0.94;2023-09-19 23:00:00+02:00;9.00;141.00;0.00;141.00;2023-09-19 21:00:00+00:00;52.00;NaN;52.00
2023-09-20;0;100.00;0.48;0.00;0.00;0.94;2023-09-20 00:00:00+02:00;9.00;94.00;0.00;94.00;2023-09-19 22:00:00+00:00;53.00;NaN;53.00
2023-09-20;1;100.00;0.48;0.00;0.00;0.94;2023-09-20 01:00:00+02:00;9.00;45.00;1.00;44.00;2023-09-19 23:00:00+00:00;58.00;63.00;57.00
2023-09-20;2;100.00;0.69;0.00;0.00;0.96;2023-09-20 02:00:00+02:00;9.00;29.00;0.00;29.00;2023-09-20 00:00:00+00:00;55.00;NaN;55.00
2023-09-20;3;100.00;0.69;0.00;0.00;0.96;2023-09-20 03:00:00+02:00;9.00;19.00;0.00;19.00;2023-09-20 01:00:00+00:00;58.00;NaN;58.00
2023-09-20;4;100.00;0.69;0.00;0.00;0.96;2023-09-20 04:00:00+02:00;9.00;33.00;2.00;31.00;2023-09-20 02:00:00+00:00;56.00;56.00;56.00
2023-09-20;5;100.00;0.69;0.00;0.00;0.96;2023-09-20 05:00:00+02:00;9.00;113.00;5.00;108.00;2023-09-20 03:00:00+00:00;56.00;57.00;56.00
2023-09-20;6;100.00;0.69;0.00;0.00;0.96;2023-09-20 06:00:00+02:00;9.00;193.00;3.00;190.00;2023-09-20 04:00:00+00:00;52.00;51.00;52.00
2023-09-20;7;100.00;0.69;0.00;0.00;0.96;2023-09-20 07:00:00+02:00;9.00;311.00;12.00;299.00;2023-09-20 05:00:00+00:00;50.00;51.00;50.00
2023-09-20;8;100.00;0.69;0.00;0.00;0.96;2023-09-20 08:00:00+02:00;9.00;356.00;8.00;348.00;2023-09-20 06:00:00+00:00;51.00;52.00;51.00
2023-09-20;9;100.00;0.69;0.00;0.00;0.96;2023-09-20 09:00:00+02:00;9.00;372.00;13.00;359.00;2023-09-20 07:00:00+00:00;51.00;51.00;51.00
2023-09-20;10;100.00;0.69;0.00;0.00;0.96;2023-09-20 10:00:00+02:00;9.00;346.00;9.00;337.00;2023-09-20 08:00:00+00:00;55.00;56.00;55.00
2023-09-20;11;100.00;0.69;0.00;0.00;0.96;2023-09-20 11:00:00+02:00;9.00;385.00;9.00;376.00;2023-09-20 09:00:00+00:00;54.00;55.00;54.00
2023-09-20;12;100.00;0.69;0.00;0.00;0.96;2023-09-20 12:00:00+02:00;9.00;422.00;21.00;401.00;2023-09-20 10:00:00+00:00;55.00;55.00;55.00
2023-09-20;13;100.00;0.69;0.00;0.00;0.96;2023-09-20 13:00:00+02:00;9.00;535.00;17.00;518.00;2023-09-20 11:00:00+00:00;53.00;52.00;53.00
2023-09-20;14;100.00;0.69;0.00;0.00;0.96;2023-09-20 14:00:00+02:00;9.00;641.00;20.00;621.00;2023-09-20 12:00:00+00:00;44.00;43.00;44.00
2023-09-20;15;100.00;0.69;0.00;0.00;0.96;2023-09-20 15:00:00+02:00;9.00;702.00;25.00;677.00;2023-09-20 13:00:00+00:00;44.00;41.00;44.00
2023-09-20;16;100.00;0.69;0.00;0.00;0.96;2023-09-20 16:00:00+02:00;9.00;641.00;26.00;615.00;2023-09-20 14:00:00+00:00;33.00;31.00;33.00
2023-09-20;17;100.00;0.69;0.00;0.00;0.96;2023-09-20 17:00:00+02:00;9.00;677.00;12.00;665.00;2023-09-20 15:00:00+00:00;49.00;49.00;49.00
2023-09-20;18;100.00;0.69;0.00;0.00;0.96;2023-09-20 18:00:00+02:00;9.00;586.00;7.00;579.00;2023-09-20 16:00:00+00:00;50.00;49.00;50.00
2023-09-20;19;100.00;0.69;0.00;0.00;0.96;2023-09-20 19:00:00+02:00;9.00;356.00;3.00;353.00;2023-09-20 17:00:00+00:00;51.00;50.00;51.00
2023-09-20;20;100.00;0.69;0.00;0.00;0.96;2023-09-20 20:00:00+02:00;9.00;300.00;4.00;296.00;2023-09-20 18:00:00+00:00;52.00;53.00;52.00
2023-09-20;21;100.00;0.69;0.00;0.00;0.96;2023-09-20 21:00:00+02:00;9.00;227.00;3.00;224.00;2023-09-20 19:00:00+00:00;52.00;51.00;52.00
2023-09-20;22;100.00;0.69;0.00;0.00;0.96;2023-09-20 22:00:00+02:00;9.00;192.00;0.00;192.00;2023-09-20 20:00:00+00:00;53.00;NaN;53.00
2023-09-20;23;100.00;0.69;0.00;0.00;0.96;2023-09-20 23:00:00+02:00;9.00;120.00;1.00;119.00;2023-09-20 21:00:00+00:00;54.00;58.00;54.00
2023-09-21;0;100.00;0.69;0.00;0.00;0.96;2023-09-21 00:00:00+02:00;9.00;70.00;0.00;70.00;2023-09-20 22:00:00+00:00;52.00;NaN;52.00
2023-09-21;1;100.00;0.69;0.00;0.00;0.96;2023-09-21 01:00:00+02:00;9.00;39.00;1.00;38.00;2023-09-20 23:00:00+00:00;54.00;49.00;54.00
2023-09-21;2;100.00;0.76;0.00;0.00;0.94;2023-09-21 02:00:00+02:00;9.00;30.00;0.00;30.00;2023-09-21 00:00:00+00:00;53.00;NaN;53.00
2023-09-21;3;100.00;0.76;0.00;0.00;0.94;2023-09-21 03:00:00+02:00;9.00;26.00;1.00;25.00;2023-09-21 01:00:00+00:00;55.00;53.00;55.00
2023-09-21;4;100.00;0.76;0.00;0.00;0.94;2023-09-21 04:00:00+02:00;9.00;36.00;2.00;34.00;2023-09-21 02:00:00+00:00;52.00;54.00;51.00
2023-09-21;5;100.00;0.76;0.00;0.00;0.94;2023-09-21 05:00:00+02:00;9.00;101.00;2.00;99.00;2023-09-21 03:00:00+00:00;51.00;52.00;51.00
2023-09-21;6;100.00;0.76;0.00;0.00;0.94;2023-09-21 06:00:00+02:00;9.00;200.00;8.00;192.00;2023-09-21 04:00:00+00:00;50.00;49.00;50.00
2023-09-21;7;100.00;0.76;0.00;0.00;0.94;2023-09-21 07:00:00+02:00;9.00;339.00;9.00;330.00;2023-09-21 05:00:00+00:00;50.00;50.00;50.00
2023-09-21;8;100.00;0.76;0.00;0.00;0.94;2023-09-21 08:00:00+02:00;9.00;390.00;12.00;378.00;2023-09-21 06:00:00+00:00;50.00;50.00;50.00
2023-09-21;9;100.00;0.76;0.00;0.00;0.94;2023-09-21 09:00:00+02:00;9.00;375.00;16.00;359.00;2023-09-21 07:00:00+00:00;51.00;52.00;51.00
2023-09-21;10;100.00;0.76;0.00;0.00;0.94;2023-09-21 10:00:00+02:00;9.00;348.00;16.00;332.00;2023-09-21 08:00:00+00:00;53.00;52.00;53.00
2023-09-21;11;100.00;0.76;0.00;0.00;0.94;2023-09-21 11:00:00+02:00;9.00;192.00;6.00;186.00;2023-09-21 09:00:00+00:00;55.00;56.00;55.00
2023-09-21;12;100.00;0.76;0.00;0.00;0.94;2023-09-21 12:00:00+02:00;9.00;434.00;14.00;420.00;2023-09-21 10:00:00+00:00;53.00;53.00;53.00
2023-09-21;13;100.00;0.76;0.00;0.00;0.94;2023-09-21 13:00:00+02:00;9.00;551.00;16.00;535.00;2023-09-21 11:00:00+00:00;52.00;50.00;52.00
2023-09-21;14;100.00;0.76;0.00;0.00;0.94;2023-09-21 14:00:00+02:00;9.00;662.00;13.00;649.00;2023-09-21 12:00:00+00:00;46.00;45.00;46.00
2023-09-21;15;100.00;0.76;0.00;0.00;0.94;2023-09-21 15:00:00+02:00;9.00;666.00;19.00;647.00;2023-09-21 13:00:00+00:00;33.00;33.00;33.00
2023-09-21;16;100.00;0.76;0.00;0.00;0.94;2023-09-21 16:00:00+02:00;9.00;676.00;14.00;662.00;2023-09-21 14:00:00+00:00;32.00;32.00;32.00
2023-09-21;17;100.00;0.76;0.00;0.00;0.94;2023-09-21 17:00:00+02:00;9.00;577.00;28.00;549.00;2023-09-21 15:00:00+00:00;17.00;18.00;17.00
2023-09-21;18;100.00;0.76;0.00;0.00;0.94;2023-09-21 18:00:00+02:00;9.00;561.00;8.00;553.00;2023-09-21 16:00:00+00:00;46.00;43.00;46.00
2023-09-21;19;100.00;0.76;0.00;0.00;0.94;2023-09-21 19:00:00+02:00;9.00;450.00;8.00;442.00;2023-09-21 17:00:00+00:00;50.00;50.00;50.00
2023-09-21;20;100.00;0.76;0.00;0.00;0.94;2023-09-21 20:00:00+02:00;9.00;302.00;2.00;300.00;2023-09-21 18:00:00+00:00;52.00;50.00;52.00
2023-09-21;21;100.00;0.76;0.00;0.00;0.94;2023-09-21 21:00:00+02:00;9.00;238.00;0.00;238.00;2023-09-21 19:00:00+00:00;52.00;NaN;52.00
2023-09-21;22;100.00;0.76;0.00;0.00;0.94;2023-09-21 22:00:00+02:00;9.00;234.00;3.00;231.00;2023-09-21 20:00:00+00:00;51.00;52.00;51.00
2023-09-21;23;100.00;0.76;0.00;0.00;0.94;2023-09-21 23:00:00+02:00;9.00;131.00;1.00;130.00;2023-09-21 21:00:00+00:00;52.00;52.00;52.00
2023-09-22;0;100.00;0.76;0.00;0.00;0.94;2023-09-22 00:00:00+02:00;9.00;86.00;1.00;85.00;2023-09-21 22:00:00+00:00;53.00;60.00;53.00
2023-09-22;1;100.00;0.76;0.00;0.00;0.94;2023-09-22 01:00:00+02:00;9.00;41.00;0.00;41.00;2023-09-21 23:00:00+00:00;55.00;NaN;55.00
2023-09-22;2;100.00;0.52;0.00;0.00;0.94;2023-09-22 02:00:00+02:00;9.00;28.00;0.00;28.00;2023-09-22 00:00:00+00:00;59.00;NaN;59.00
2023-09-22;3;100.00;0.52;0.00;0.00;0.94;2023-09-22 03:00:00+02:00;9.00;15.00;0.00;15.00;2023-09-22 01:00:00+00:00;54.00;NaN;54.00
2023-09-22;4;100.00;0.52;0.00;0.00;0.94;2023-09-22 04:00:00+02:00;9.00;25.00;1.00;24.00;2023-09-22 02:00:00+00:00;53.00;50.00;54.00
2023-09-22;5;100.00;0.52;0.00;0.00;0.94;2023-09-22 05:00:00+02:00;9.00;104.00;5.00;99.00;2023-09-22 03:00:00+00:00;55.00;56.00;55.00
2023-09-22;6;100.00;0.52;0.00;0.00;0.94;2023-09-22 06:00:00+02:00;9.00;175.00;2.00;173.00;2023-09-22 04:00:00+00:00;53.00;52.00;53.00
2023-09-22;7;100.00;0.52;0.00;0.00;0.94;2023-09-22 07:00:00+02:00;9.00;338.00;13.00;325.00;2023-09-22 05:00:00+00:00;52.00;52.00;52.00
2023-09-22;8;100.00;0.52;0.00;0.00;0.94;2023-09-22 08:00:00+02:00;9.00;351.00;11.00;340.00;2023-09-22 06:00:00+00:00;54.00;55.00;53.00
2023-09-22;9;100.00;0.52;0.00;0.00;0.94;2023-09-22 09:00:00+02:00;9.00;343.00;9.00;334.00;2023-09-22 07:00:00+00:00;52.00;53.00;52.00
2023-09-22;10;100.00;0.52;0.00;0.00;0.94;2023-09-22 10:00:00+02:00;9.00;373.00;10.00;363.00;2023-09-22 08:00:00+00:00;51.00;51.00;51.00
2023-09-22;11;100.00;0.52;0.00;0.00;0.94;2023-09-22 11:00:00+02:00;9.00;445.00;15.00;430.00;2023-09-22 09:00:00+00:00;52.00;52.00;52.00
2023-09-22;12;100.00;0.52;0.00;0.00;0.94;2023-09-22 12:00:00+02:00;9.00;520.00;15.00;505.00;2023-09-22 10:00:00+00:00;52.00;51.00;52.00
2023-09-22;13;100.00;0.52;0.00;0.00;0.94;2023-09-22 13:00:00+02:00;9.00;587.00;19.00;568.00;2023-09-22 11:00:00+00:00;51.00;50.00;51.00
2023-09-22;14;100.00;0.52;0.00;0.00;0.94;2023-09-22 14:00:00+02:00;9.00;676.00;14.00;662.00;2023-09-22 12:00:00+00:00;42.00;45.00;42.00
2023-09-22;15;100.00;0.52;0.00;0.00;0.94;2023-09-22 15:00:00+02:00;9.00;653.00;20.00;633.00;2023-09-22 13:00:00+00:00;39.00;34.00;39.00
2023-09-22;16;100.00;0.52;0.00;0.00;0.94;2023-09-22 16:00:00+02:00;9.00;603.00;8.00;595.00;2023-09-22 14:00:00+00:00;48.00;51.00;48.00
2023-09-22;17;100.00;0.52;0.00;0.00;0.94;2023-09-22 17:00:00+02:00;9.00;513.00;5.00;508.00;2023-09-22 15:00:00+00:00;53.00;53.00;53.00
2023-09-22;18;100.00;0.52;0.00;0.00;0.94;2023-09-22 18:00:00+02:00;9.00;489.00;7.00;482.00;2023-09-22 16:00:00+00:00;53.00;52.00;53.00
2023-09-22;19;100.00;0.52;0.00;0.00;0.94;2023-09-22 19:00:00+02:00;9.00;402.00;5.00;397.00;2023-09-22 17:00:00+00:00;51.00;51.00;51.00
2023-09-22;20;100.00;0.52;0.00;0.00;0.94;2023-09-22 20:00:00+02:00;9.00;277.00;1.00;276.00;2023-09-22 18:00:00+00:00;53.00;56.00;53.00
2023-09-22;21;100.00;0.52;0.00;0.00;0.94;2023-09-22 21:00:00+02:00;9.00;200.00;1.00;199.00;2023-09-22 19:00:00+00:00;54.00;53.00;54.00
2023-09-22;22;100.00;0.52;0.00;0.00;0.94;2023-09-22 22:00:00+02:00;9.00;228.00;1.00;227.00;2023-09-22 20:00:00+00:00;51.00;50.00;51.00
2023-09-22;23;100.00;0.52;0.00;0.00;0.94;2023-09-22 23:00:00+02:00;9.00;165.00;0.00;165.00;2023-09-22 21:00:00+00:00;53.00;NaN;53.00
2023-09-23;0;100.00;0.52;0.00;0.00;0.94;2023-09-23 00:00:00+02:00;9.00;104.00;0.00;104.00;2023-09-22 22:00:00+00:00;52.00;NaN;52.00
2023-09-23;1;100.00;0.52;0.00;0.00;0.94;2023-09-23 01:00:00+02:00;9.00;78.00;0.00;78.00;2023-09-22 23:00:00+00:00;52.00;NaN;52.00
2023-09-23;2;100.00;-0.85;0.00;0.00;0.90;2023-09-23 02:00:00+02:00;9.00;48.00;0.00;48.00;2023-09-23 00:00:00+00:00;53.00;NaN;53.00
2023-09-23;3;100.00;-0.85;0.00;0.00;0.90;2023-09-23 03:00:00+02:00;9.00;37.00;0.00;37.00;2023-09-23 01:00:00+00:00;55.00;NaN;55.00
2023-09-23;4;100.00;-0.85;0.00;0.00;0.90;2023-09-23 04:00:00+02:00;9.00;30.00;0.00;30.00;2023-09-23 02:00:00+00:00;54.00;NaN;54.00
2023-09-23;5;100.00;-0.85;0.00;0.00;0.90;2023-09-23 05:00:00+02:00;9.00;53.00;0.00;53.00;2023-09-23 03:00:00+00:00;54.00;NaN;54.00
2023-09-23;6;100.00;-0.85;0.00;0.00;0.90;2023-09-23 06:00:00+02:00;9.00;51.00;0.00;51.00;2023-09-23 04:00:00+00:00;53.00;NaN;53.00
2023-09-23;7;100.00;-0.85;0.00;0.00;0.90;2023-09-23 07:00:00+02:00;9.00;84.00;4.00;80.00;2023-09-23 05:00:00+00:00;51.00;51.00;51.00
2023-09-23;8;100.00;-0.85;0.00;0.00;0.90;2023-09-23 08:00:00+02:00;9.00;135.00;4.00;131.00;2023-09-23 06:00:00+00:00;52.00;52.00;52.00
2023-09-23;9;100.00;-0.85;0.00;0.00;0.90;2023-09-23 09:00:00+02:00;9.00;280.00;4.00;276.00;2023-09-23 07:00:00+00:00;51.00;52.00;51.00
2023-09-23;10;100.00;-0.85;0.00;0.00;0.90;2023-09-23 10:00:00+02:00;9.00;293.00;3.00;290.00;2023-09-23 08:00:00+00:00;54.00;54.00;54.00
2023-09-23;11;100.00;-0.85;0.00;0.00;0.90;2023-09-23 11:00:00+02:00;9.00;339.00;3.00;336.00;2023-09-23 09:00:00+00:00;56.00;55.00;56.00
2023-09-23;12;100.00;-0.85;0.00;0.00;0.90;2023-09-23 12:00:00+02:00;9.00;353.00;0.00;353.00;2023-09-23 10:00:00+00:00;56.00;NaN;56.00
2023-09-23;13;100.00;-0.85;0.00;0.00;0.90;2023-09-23 13:00:00+02:00;9.00;373.00;5.00;368.00;2023-09-23 11:00:00+00:00;55.00;54.00;55.00
2023-09-23;14;100.00;-0.85;0.00;0.00;0.90;2023-09-23 14:00:00+02:00;9.00;422.00;6.00;416.00;2023-09-23 12:00:00+00:00;54.00;56.00;54.00
2023-09-23;15;100.00;-0.85;0.00;0.00;0.90;2023-09-23 15:00:00+02:00;9.00;375.00;4.00;371.00;2023-09-23 13:00:00+00:00;55.00;55.00;55.00
2023-09-23;16;100.00;-0.85;0.00;0.00;0.90;2023-09-23 16:00:00+02:00;9.00;317.00;7.00;310.00;2023-09-23 14:00:00+00:00;56.00;56.00;56.00
2023-09-23;17;100.00;-0.85;0.00;0.00;0.90;2023-09-23 17:00:00+02:00;9.00;327.00;4.00;323.00;2023-09-23 15:00:00+00:00;55.00;55.00;55.00
2023-09-23;18;100.00;-0.85;0.00;0.00;0.90;2023-09-23 18:00:00+02:00;9.00;312.00;3.00;309.00;2023-09-23 16:00:00+00:00;53.00;53.00;53.00
2023-09-23;19;100.00;-0.85;0.00;0.00;0.90;2023-09-23 19:00:00+02:00;9.00;300.00;3.00;297.00;2023-09-23 17:00:00+00:00;51.00;52.00;51.00
2023-09-23;20;100.00;-0.85;0.00;0.00;0.90;2023-09-23 20:00:00+02:00;9.00;259.00;1.00;258.00;2023-09-23 18:00:00+00:00;52.00;49.00;52.00
2023-09-23;21;100.00;-0.85;0.00;0.00;0.90;2023-09-23 21:00:00+02:00;9.00;227.00;0.00;227.00;2023-09-23 19:00:00+00:00;51.00;NaN;51.00
2023-09-23;22;100.00;-0.85;0.00;0.00;0.90;2023-09-23 22:00:00+02:00;9.00;224.00;1.00;223.00;2023-09-23 20:00:00+00:00;51.00;52.00;51.00
2023-09-23;23;100.00;-0.85;0.00;0.00;0.90;2023-09-23 23:00:00+02:00;9.00;184.00;2.00;182.00;2023-09-23 21:00:00+00:00;51.00;49.00;51.00
2023-09-24;0;100.00;-0.85;0.00;0.00;0.90;2023-09-24 00:00:00+02:00;9.00;121.00;0.00;121.00;2023-09-23 22:00:00+00:00;51.00;NaN;51.00
2023-09-24;1;100.00;-0.85;0.00;0.00;0.90;2023-09-24 01:00:00+02:00;9.00;81.00;0.00;81.00;2023-09-23 23:00:00+00:00;52.00;NaN;52.00
2023-09-24;2;100.00;-2.40;0.00;0.00;0.89;2023-09-24 02:00:00+02:00;9.00;76.00;0.00;76.00;2023-09-24 00:00:00+00:00;54.00;NaN;54.00
2023-09-24;3;100.00;-2.40;0.00;0.00;0.89;2023-09-24 03:00:00+02:00;9.00;52.00;0.00;52.00;2023-09-24 01:00:00+00:00;52.00;NaN;52.00
2023-09-24;4;100.00;-2.40;0.00;0.00;0.89;2023-09-24 04:00:00+02:00;9.00;35.00;0.00;35.00;2023-09-24 02:00:00+00:00;54.00;NaN;54.00
2023-09-24;5;100.00;-2.40;0.00;0.00;0.89;2023-09-24 05:00:00+02:00;9.00;48.00;0.00;48.00;2023-09-24 03:00:00+00:00;55.00;NaN;55.00
2023-09-24;6;100.00;-2.40;0.00;0.00;0.89;2023-09-24 06:00:00+02:00;9.00;47.00;0.00;47.00;2023-09-24 04:00:00+00:00;57.00;NaN;57.00
2023-09-24;7;100.00;-2.40;0.00;0.00;0.89;2023-09-24 07:00:00+02:00;9.00;50.00;0.00;50.00;2023-09-24 05:00:00+00:00;58.00;NaN;58.00
2023-09-24;8;100.00;-2.40;0.00;0.00;0.89;2023-09-24 08:00:00+02:00;9.00;56.00;0.00;56.00;2023-09-24 06:00:00+00:00;58.00;NaN;58.00
2023-09-24;9;100.00;-2.40;0.00;0.00;0.89;2023-09-24 09:00:00+02:00;9.00;116.00;0.00;116.00;2023-09-24 07:00:00+00:00;57.00;NaN;57.00
2023-09-24;10;100.00;-2.40;0.00;0.00;0.89;2023-09-24 10:00:00+02:00;9.00;168.00;3.00;165.00;2023-09-24 08:00:00+00:00;56.00;57.00;56.00
2023-09-24;11;100.00;-2.40;0.00;0.00;0.89;2023-09-24 11:00:00+02:00;9.00;175.00;1.00;174.00;2023-09-24 09:00:00+00:00;55.00;53.00;55.00
2023-09-24;12;100.00;-2.40;0.00;0.00;0.89;2023-09-24 12:00:00+02:00;9.00;219.00;0.00;219.00;2023-09-24 10:00:00+00:00;57.00;NaN;57.00
2023-09-24;13;100.00;-2.40;0.00;0.00;0.89;2023-09-24 13:00:00+02:00;9.00;248.00;1.00;247.00;2023-09-24 11:00:00+00:00;55.00;60.00;55.00
2023-09-24;14;100.00;-2.40;0.00;0.00;0.89;2023-09-24 14:00:00+02:00;9.00;249.00;1.00;248.00;2023-09-24 12:00:00+00:00;56.00;53.00;56.00
2023-09-24;15;100.00;-2.40;0.00;0.00;0.89;2023-09-24 15:00:00+02:00;9.00;226.00;0.00;226.00;2023-09-24 13:00:00+00:00;58.00;NaN;58.00
2023-09-24;16;100.00;-2.40;0.00;0.00;0.89;2023-09-24 16:00:00+02:00;9.00;235.00;2.00;233.00;2023-09-24 14:00:00+00:00;57.00;58.00;57.00
2023-09-24;17;100.00;-2.40;0.00;0.00;0.89;2023-09-24 17:00:00+02:00;9.00;251.00;1.00;250.00;2023-09-24 15:00:00+00:00;56.00;56.00;56.00
2023-09-24;18;100.00;-2.40;0.00;0.00;0.89;2023-09-24 18:00:00+02:00;9.00;282.00;2.00;280.00;2023-09-24 16:00:00+00:00;56.00;57.00;56.00
2023-09-24;19;100.00;-2.40;0.00;0.00;0.89;2023-09-24 19:00:00+02:00;9.00;267.00;4.00;263.00;2023-09-24 17:00:00+00:00;54.00;52.00;54.00
2023-09-24;20;100.00;-2.40;0.00;0.00;0.89;2023-09-24 20:00:00+02:00;9.00;208.00;1.00;207.00;2023-09-24 18:00:00+00:00;53.00;50.00;53.00
2023-09-24;21;100.00;-2.40;0.00;0.00;0.89;2023-09-24 21:00:00+02:00;9.00;161.00;1.00;160.00;2023-09-24 19:00:00+00:00;53.00;50.00;53.00
2023-09-24;22;100.00;-2.40;0.00;0.00;0.89;2023-09-24 22:00:00+02:00;9.00;148.00;0.00;148.00;2023-09-24 20:00:00+00:00;53.00;NaN;53.00
2023-09-24;23;100.00;-2.40;0.00;0.00;0.89;2023-09-24 23:00:00+02:00;9.00;98.00;0.00;98.00;2023-09-24 21:00:00+00:00;55.00;NaN;55.00
2023-09-25;0;100.00;-2.40;0.00;0.00;0.89;2023-09-25 00:00:00+02:00;9.00;52.00;0.00;52.00;2023-09-24 22:00:00+00:00;53.00;NaN;53.00
2023-09-25;1;100.00;-2.40;0.00;0.00;0.89;2023-09-25 01:00:00+02:00;9.00;25.00;0.00;25.00;2023-09-24 23:00:00+00:00;51.00;NaN;51.00
2023-09-25;2;100.00;0.49;0.00;0.00;0.96;2023-09-25 02:00:00+02:00;9.00;20.00;0.00;20.00;2023-09-25 00:00:00+00:00;50.00;NaN;50.00
2023-09-25;3;100.00;0.49;0.00;0.00;0.96;2023-09-25 03:00:00+02:00;9.00;14.00;1.00;13.00;2023-09-25 01:00:00+00:00;48.00;41.00;49.00
2023-09-25;4;100.00;0.49;0.00;0.00;0.96;2023-09-25 04:00:00+02:00;9.00;22.00;2.00;20.00;2023-09-25 02:00:00+00:00;55.00;52.00;55.00
2023-09-25;5;100.00;0.49;0.00;0.00;0.96;2023-09-25 05:00:00+02:00;9.00;112.00;2.00;110.00;2023-09-25 03:00:00+00:00;52.00;54.00;52.00
2023-09-25;6;100.00;0.49;0.00;0.00;0.96;2023-09-25 06:00:00+02:00;9.00;176.00;3.00;173.00;2023-09-25 04:00:00+00:00;51.00;51.00;51.00
2023-09-25;7;100.00;0.49;0.00;0.00;0.96;2023-09-25 07:00:00+02:00;9.00;344.00;9.00;335.00;2023-09-25 05:00:00+00:00;49.00;49.00;49.00
2023-09-25;8;100.00;0.49;0.00;0.00;0.96;2023-09-25 08:00:00+02:00;9.00;394.00;13.00;381.00;2023-09-25 06:00:00+00:00;49.00;49.00;49.00
2023-09-25;9;100.00;0.49;0.00;0.00;0.96;2023-09-25 09:00:00+02:00;9.00;341.00;6.00;335.00;2023-09-25 07:00:00+00:00;50.00;49.00;50.00
2023-09-25;10;100.00;0.49;0.00;0.00;0.96;2023-09-25 10:00:00+02:00;9.00;374.00;7.00;367.00;2023-09-25 08:00:00+00:00;52.00;54.00;52.00
2023-09-25;11;100.00;0.49;0.00;0.00;0.96;2023-09-25 11:00:00+02:00;9.00;402.00;12.00;390.00;2023-09-25 09:00:00+00:00;55.00;55.00;55.00
2023-09-25;12;100.00;0.49;0.00;0.00;0.96;2023-09-25 12:00:00+02:00;9.00;419.00;14.00;405.00;2023-09-25 10:00:00+00:00;55.00;55.00;55.00
2023-09-25;13;100.00;0.49;0.00;0.00;0.96;2023-09-25 13:00:00+02:00;9.00;543.00;14.00;529.00;2023-09-25 11:00:00+00:00;53.00;53.00;53.00
2023-09-25;14;100.00;0.49;0.00;0.00;0.96;2023-09-25 14:00:00+02:00;9.00;631.00;19.00;612.00;2023-09-25 12:00:00+00:00;41.00;37.00;41.00
2023-09-25;15;100.00;0.49;0.00;0.00;0.96;2023-09-25 15:00:00+02:00;9.00;694.00;18.00;676.00;2023-09-25 13:00:00+00:00;47.00;47.00;47.00
2023-09-25;16;100.00;0.49;0.00;0.00;0.96;2023-09-25 16:00:00+02:00;9.00;651.00;28.00;623.00;2023-09-25 14:00:00+00:00;34.00;32.00;34.00
2023-09-25;17;100.00;0.49;0.00;0.00;0.96;2023-09-25 17:00:00+02:00;9.00;642.00;8.00;634.00;2023-09-25 15:00:00+00:00;49.00;50.00;49.00
2023-09-25;18;100.00;0.49;0.00;0.00;0.96;2023-09-25 18:00:00+02:00;9.00;575.00;6.00;569.00;2023-09-25 16:00:00+00:00;50.00;50.00;50.00
2023-09-25;19;100.00;0.49;0.00;0.00;0.96;2023-09-25 19:00:00+02:00;9.00;405.00;2.00;403.00;2023-09-25 17:00:00+00:00;50.00;52.00;50.00
2023-09-25;20;100.00;0.49;0.00;0.00;0.96;2023-09-25 20:00:00+02:00;9.00;279.00;0.00;279.00;2023-09-25 18:00:00+00:00;52.00;NaN;52.00
2023-09-25;21;100.00;0.49;0.00;0.00;0.96;2023-09-25 21:00:00+02:00;9.00;243.00;0.00;243.00;2023-09-25 19:00:00+00:00;53.00;NaN;53.00
2023-09-25;22;100.00;0.49;0.00;0.00;0.96;2023-09-25 22:00:00+02:00;9.00;193.00;3.00;190.00;2023-09-25 20:00:00+00:00;53.00;54.00;53.00
2023-09-25;23;100.00;0.49;0.00;0.00;0.96;2023-09-25 23:00:00+02:00;9.00;95.00;0.00;95.00;2023-09-25 21:00:00+00:00;53.00;NaN;53.00
2023-09-26;0;100.00;0.49;0.00;0.00;0.96;2023-09-26 00:00:00+02:00;9.00;56.00;0.00;56.00;2023-09-25 22:00:00+00:00;56.00;NaN;56.00
2023-09-26;1;100.00;0.49;0.00;0.00;0.96;2023-09-26 01:00:00+02:00;9.00;41.00;0.00;41.00;2023-09-25 23:00:00+00:00;54.00;NaN;54.00
2023-09-26;2;100.00;0.59;0.00;0.00;0.96;2023-09-26 02:00:00+02:00;9.00;28.00;1.00;27.00;2023-09-26 00:00:00+00:00;53.00;57.00;53.00
2023-09-26;3;100.00;0.59;0.00;0.00;0.96;2023-09-26 03:00:00+02:00;9.00;20.00;0.00;20.00;2023-09-26 01:00:00+00:00;59.00;NaN;59.00
2023-09-26;4;100.00;0.59;0.00;0.00;0.96;2023-09-26 04:00:00+02:00;9.00;29.00;4.00;25.00;2023-09-26 02:00:00+00:00;55.00;56.00;55.00
2023-09-26;5;100.00;0.59;0.00;0.00;0.96;2023-09-26 05:00:00+02:00;9.00;104.00;2.00;102.00;2023-09-26 03:00:00+00:00;52.00;48.00;52.00
2023-09-26;6;100.00;0.59;0.00;0.00;0.96;2023-09-26 06:00:00+02:00;9.00;182.00;4.00;178.00;2023-09-26 04:00:00+00:00;50.00;48.00;50.00
2023-09-26;7;100.00;0.59;0.00;0.00;0.96;2023-09-26 07:00:00+02:00;9.00;344.00;11.00;333.00;2023-09-26 05:00:00+00:00;50.00;50.00;50.00
2023-09-26;8;100.00;0.59;0.00;0.00;0.96;2023-09-26 08:00:00+02:00;9.00;412.00;8.00;404.00;2023-09-26 06:00:00+00:00;50.00;50.00;50.00
2023-09-26;9;100.00;0.59;0.00;0.00;0.96;2023-09-26 09:00:00+02:00;9.00;374.00;13.00;361.00;2023-09-26 07:00:00+00:00;51.00;51.00;51.00
2023-09-26;10;100.00;0.59;0.00;0.00;0.96;2023-09-26 10:00:00+02:00;9.00;343.00;11.00;332.00;2023-09-26 08:00:00+00:00;54.00;55.00;54.00
2023-09-26;11;100.00;0.59;0.00;0.00;0.96;2023-09-26 11:00:00+02:00;9.00;452.00;17.00;435.00;2023-09-26 09:00:00+00:00;53.00;53.00;53.00
2023-09-26;12;100.00;0.59;0.00;0.00;0.96;2023-09-26 12:00:00+02:00;9.00;465.00;11.00;454.00;2023-09-26 10:00:00+00:00;55.00;56.00;55.00
2023-09-26;13;100.00;0.59;0.00;0.00;0.96;2023-09-26 13:00:00+02:00;9.00;533.00;17.00;516.00;2023-09-26 11:00:00+00:00;53.00;53.00;53.00
2023-09-26;14;100.00;0.59;0.00;0.00;0.96;2023-09-26 14:00:00+02:00;9.00;616.00;18.00;598.00;2023-09-26 12:00:00+00:00;42.00;39.00;42.00
2023-09-26;15;100.00;0.59;0.00;0.00;0.96;2023-09-26 15:00:00+02:00;9.00;689.00;25.00;664.00;2023-09-26 13:00:00+00:00;35.00;32.00;35.00
2023-09-26;16;100.00;0.59;0.00;0.00;0.96;2023-09-26 16:00:00+02:00;9.00;724.00;13.00;711.00;2023-09-26 14:00:00+00:00;38.00;37.00;38.00
2023-09-26;17;100.00;0.59;0.00;0.00;0.96;2023-09-26 17:00:00+02:00;9.00;649.00;11.00;638.00;2023-09-26 15:00:00+00:00;48.00;44.00;48.00
2023-09-26;18;100.00;0.59;0.00;0.00;0.96;2023-09-26 18:00:00+02:00;9.00;629.00;6.00;623.00;2023-09-26 16:00:00+00:00;49.00;48.00;49.00
2023-09-26;19;100.00;0.59;0.00;0.00;0.96;2023-09-26 19:00:00+02:00;9.00;391.00;8.00;383.00;2023-09-26 17:00:00+00:00;50.00;50.00;50.00
2023-09-26;20;100.00;0.59;0.00;0.00;0.96;2023-09-26 20:00:00+02:00;9.00;311.00;4.00;307.00;2023-09-26 18:00:00+00:00;55.00;55.00;55.00
2023-09-26;21;100.00;0.59;0.00;0.00;0.96;2023-09-26 21:00:00+02:00;9.00;286.00;1.00;285.00;2023-09-26 19:00:00+00:00;51.00;52.00;51.00
2023-09-26;22;100.00;0.59;0.00;0.00;0.96;2023-09-26 22:00:00+02:00;9.00;220.00;1.00;219.00;2023-09-26 20:00:00+00:00;52.00;48.00;52.00
2023-09-26;23;100.00;0.59;0.00;0.00;0.96;2023-09-26 23:00:00+02:00;9.00;114.00;0.00;114.00;2023-09-26 21:00:00+00:00;51.00;NaN;51.00
2023-09-27;0;100.00;0.59;0.00;0.00;0.96;2023-09-27 00:00:00+02:00;9.00;68.00;0.00;68.00;2023-09-26 22:00:00+00:00;52.00;NaN;52.00
2023-09-27;1;100.00;0.59;0.00;0.00;0.96;2023-09-27 01:00:00+02:00;9.00;47.00;0.00;47.00;2023-09-26 23:00:00+00:00;54.00;NaN;54.00
2023-09-27;2;100.00;-0.02;0.00;0.00;0.87;2023-09-27 02:00:00+02:00;9.00;25.00;0.00;25.00;2023-09-27 00:00:00+00:00;54.00;NaN;54.00
2023-09-27;3;100.00;-0.02;0.00;0.00;0.87;2023-09-27 03:00:00+02:00;9.00;17.00;0.00;17.00;2023-09-27 01:00:00+00:00;55.00;NaN;55.00
2023-09-27;4;100.00;-0.02;0.00;0.00;0.87;2023-09-27 04:00:00+02:00;9.00;34.00;2.00;32.00;2023-09-27 02:00:00+00:00;54.00;52.00;54.00
2023-09-27;5;100.00;-0.02;0.00;0.00;0.87;2023-09-27 05:00:00+02:00;9.00;100.00;1.00;99.00;2023-09-27 03:00:00+00:00;52.00;52.00;52.00
2023-09-27;6;100.00;-0.02;0.00;0.00;0.87;2023-09-27 06:00:00+02:00;9.00;213.00;7.00;206.00;2023-09-27 04:00:00+00:00;50.00;50.00;50.00
2023-09-27;7;100.00;-0.02;0.00;0.00;0.87;2023-09-27 07:00:00+02:00;9.00;345.00;13.00;332.00;2023-09-27 05:00:00+00:00;49.00;49.00;49.00
2023-09-27;8;100.00;-0.02;0.00;0.00;0.87;2023-09-27 08:00:00+02:00;9.00;370.00;10.00;360.00;2023-09-27 06:00:00+00:00;50.00;50.00;50.00
2023-09-27;9;100.00;-0.02;0.00;0.00;0.87;2023-09-27 09:00:00+02:00;9.00;362.00;14.00;348.00;2023-09-27 07:00:00+00:00;52.00;52.00;52.00
2023-09-27;10;100.00;-0.02;0.00;0.00;0.87;2023-09-27 10:00:00+02:00;9.00;379.00;12.00;367.00;2023-09-27 08:00:00+00:00;53.00;55.00;53.00
2023-09-27;11;100.00;-0.02;0.00;0.00;0.87;2023-09-27 11:00:00+02:00;9.00;451.00;14.00;437.00;2023-09-27 09:00:00+00:00;54.00;55.00;54.00
2023-09-27;12;100.00;-0.02;0.00;0.00;0.87;2023-09-27 12:00:00+02:00;9.00;476.00;16.00;460.00;2023-09-27 10:00:00+00:00;55.00;55.00;55.00
2023-09-27;13;100.00;-0.02;0.00;0.00;0.87;2023-09-27 13:00:00+02:00;9.00;564.00;23.00;541.00;2023-09-27 11:00:00+00:00;50.00;49.00;50.00
2023-09-27;14;100.00;-0.02;0.00;0.00;0.87;2023-09-27 14:00:00+02:00;9.00;630.00;13.00;617.00;2023-09-27 12:00:00+00:00;41.00;38.00;41.00
2023-09-27;15;100.00;-0.02;0.00;0.00;0.87;2023-09-27 15:00:00+02:00;9.00;729.00;19.00;710.00;2023-09-27 13:00:00+00:00;44.00;38.00;44.00
2023-09-27;16;100.00;-0.02;0.00;0.00;0.87;2023-09-27 16:00:00+02:00;9.00;719.00;18.00;701.00;2023-09-27 14:00:00+00:00;35.00;31.00;35.00
2023-09-27;17;100.00;-0.02;0.00;0.00;0.87;2023-09-27 17:00:00+02:00;9.00;651.00;17.00;634.00;2023-09-27 15:00:00+00:00;41.00;41.00;41.00
2023-09-27;18;100.00;-0.02;0.00;0.00;0.87;2023-09-27 18:00:00+02:00;9.00;597.00;8.00;589.00;2023-09-27 16:00:00+00:00;50.00;50.00;50.00
2023-09-27;19;100.00;-0.02;0.00;0.00;0.87;2023-09-27 19:00:00+02:00;9.00;415.00;1.00;414.00;2023-09-27 17:00:00+00:00;51.00;50.00;51.00
2023-09-27;20;100.00;-0.02;0.00;0.00;0.87;2023-09-27 20:00:00+02:00;9.00;394.00;0.00;394.00;2023-09-27 18:00:00+00:00;51.00;NaN;51.00
2023-09-27;21;100.00;-0.02;0.00;0.00;0.87;2023-09-27 21:00:00+02:00;9.00;510.00;5.00;505.00;2023-09-27 19:00:00+00:00;51.00;49.00;51.00
2023-09-27;22;100.00;-0.02;0.00;0.00;0.87;2023-09-27 22:00:00+02:00;9.00;558.00;10.00;548.00;2023-09-27 20:00:00+00:00;46.00;45.00;46.00
2023-09-27;23;100.00;-0.02;0.00;0.00;0.87;2023-09-27 23:00:00+02:00;9.00;393.00;3.00;390.00;2023-09-27 21:00:00+00:00;52.00;55.00;52.00
2023-09-28;0;100.00;-0.02;0.00;0.00;0.87;2023-09-28 00:00:00+02:00;9.00;207.00;3.00;204.00;2023-09-27 22:00:00+00:00;53.00;54.00;53.00
2023-09-28;1;100.00;-0.02;0.00;0.00;0.87;2023-09-28 01:00:00+02:00;9.00;132.00;1.00;131.00;2023-09-27 23:00:00+00:00;53.00;56.00;53.00
2023-09-28;2;100.00;-0.54;-1.57;0.00;0.85;2023-09-28 02:00:00+02:00;9.00;84.00;3.00;81.00;2023-09-28 00:00:00+00:00;55.00;57.00;55.00
2023-09-28;3;100.00;-0.54;-1.57;0.00;0.85;2023-09-28 03:00:00+02:00;9.00;78.00;3.00;75.00;2023-09-28 01:00:00+00:00;54.00;51.00;55.00
2023-09-28;4;100.00;-0.54;-1.57;0.00;0.85;2023-09-28 04:00:00+02:00;9.00;143.00;6.00;137.00;2023-09-28 02:00:00+00:00;54.00;53.00;54.00
2023-09-28;5;100.00;-0.54;-1.57;0.00;0.85;2023-09-28 05:00:00+02:00;9.00;144.00;5.00;139.00;2023-09-28 03:00:00+00:00;52.00;53.00;52.00
2023-09-28;6;100.00;-0.54;-1.57;0.00;0.85;2023-09-28 06:00:00+02:00;9.00;216.00;5.00;211.00;2023-09-28 04:00:00+00:00;50.00;50.00;50.00
2023-09-28;7;100.00;-0.54;-1.57;0.00;0.85;2023-09-28 07:00:00+02:00;9.00;336.00;12.00;324.00;2023-09-28 05:00:00+00:00;51.00;51.00;51.00
2023-09-28;8;100.00;-0.54;-1.57;0.00;0.85;2023-09-28 08:00:00+02:00;9.00;555.00;25.00;530.00;2023-09-28 06:00:00+00:00;42.00;40.00;42.00
2023-09-28;9;100.00;-0.54;-1.57;0.00;0.85;2023-09-28 09:00:00+02:00;9.00;544.00;31.00;513.00;2023-09-28 07:00:00+00:00;25.00;21.00;25.00
2023-09-28;10;67.00;-0.54;-1.57;0.00;0.85;2023-09-28 10:00:00+02:00;9.00;615.00;33.00;582.00;2023-09-28 08:00:00+00:00;32.00;30.00;32.00
2023-09-28;11;100.00;-0.54;-1.57;0.00;0.85;2023-09-28 11:00:00+02:00;9.00;598.00;20.00;578.00;2023-09-28 09:00:00+00:00;41.00;37.00;42.00
2023-09-28;12;100.00;-0.54;-1.57;0.00;0.85;2023-09-28 12:00:00+02:00;9.00;529.00;24.00;505.00;2023-09-28 10:00:00+00:00;49.00;48.00;49.00
2023-09-28;13;100.00;-0.54;-1.57;0.00;0.85;2023-09-28 13:00:00+02:00;9.00;561.00;15.00;546.00;2023-09-28 11:00:00+00:00;51.00;51.00;51.00
2023-09-28;14;100.00;-0.54;-1.57;0.00;0.85;2023-09-28 14:00:00+02:00;9.00;609.00;17.00;592.00;2023-09-28 12:00:00+00:00;34.00;29.00;35.00
2023-09-28;15;100.00;-0.54;-1.57;0.00;0.85;2023-09-28 15:00:00+02:00;9.00;675.00;17.00;658.00;2023-09-28 13:00:00+00:00;37.00;33.00;37.00
2023-09-28;16;100.00;-0.54;-1.57;0.00;0.85;2023-09-28 16:00:00+02:00;9.00;677.00;22.00;655.00;2023-09-28 14:00:00+00:00;36.00;35.00;36.00
2023-09-28;17;100.00;-0.54;-1.57;0.00;0.85;2023-09-28 17:00:00+02:00;9.00;718.00;6.00;712.00;2023-09-28 15:00:00+00:00;45.00;46.00;45.00
2023-09-28;18;100.00;-0.54;-1.57;0.00;0.85;2023-09-28 18:00:00+02:00;9.00;713.00;15.00;698.00;2023-09-28 16:00:00+00:00;39.00;33.00;39.00
2023-09-28;19;100.00;-0.54;-1.57;0.00;0.85;2023-09-28 19:00:00+02:00;9.00;432.00;4.00;428.00;2023-09-28 17:00:00+00:00;51.00;48.00;51.00
2023-09-28;20;100.00;-0.54;-1.57;0.00;0.85;2023-09-28 20:00:00+02:00;9.00;393.00;1.00;392.00;2023-09-28 18:00:00+00:00;51.00;52.00;51.00
2023-09-28;21;100.00;-0.54;-1.57;0.00;0.85;2023-09-28 21:00:00+02:00;9.00;514.00;2.00;512.00;2023-09-28 19:00:00+00:00;51.00;53.00;51.00
2023-09-28;22;100.00;-0.54;-1.57;0.00;0.85;2023-09-28 22:00:00+02:00;9.00;582.00;10.00;572.00;2023-09-28 20:00:00+00:00;49.00;48.00;49.00
2023-09-28;23;100.00;-0.54;-1.57;0.00;0.85;2023-09-28 23:00:00+02:00;9.00;376.00;2.00;374.00;2023-09-28 21:00:00+00:00;52.00;48.00;52.00
2023-09-29;0;100.00;-0.54;-1.57;0.00;0.85;2023-09-29 00:00:00+02:00;9.00;252.00;4.00;248.00;2023-09-28 22:00:00+00:00;53.00;52.00;53.00
2023-09-29;1;100.00;-0.54;-1.57;0.00;0.85;2023-09-29 01:00:00+02:00;9.00;140.00;1.00;139.00;2023-09-28 23:00:00+00:00;56.00;57.00;56.00
2023-09-29;2;100.00;-0.87;0.00;0.00;0.91;2023-09-29 02:00:00+02:00;9.00;97.00;1.00;96.00;2023-09-29 00:00:00+00:00;57.00;57.00;57.00
2023-09-29;3;100.00;-0.87;0.00;0.00;0.91;2023-09-29 03:00:00+02:00;9.00;86.00;2.00;84.00;2023-09-29 01:00:00+00:00;57.00;58.00;57.00
2023-09-29;4;100.00;-0.87;0.00;0.00;0.91;2023-09-29 04:00:00+02:00;9.00;120.00;3.00;117.00;2023-09-29 02:00:00+00:00;56.00;56.00;56.00
2023-09-29;5;100.00;-0.87;0.00;0.00;0.91;2023-09-29 05:00:00+02:00;9.00;143.00;10.00;133.00;2023-09-29 03:00:00+00:00;53.00;55.00;53.00
2023-09-29;6;100.00;-0.87;0.00;0.00;0.91;2023-09-29 06:00:00+02:00;9.00;175.00;2.00;173.00;2023-09-29 04:00:00+00:00;49.00;51.00;49.00
2023-09-29;7;100.00;-0.87;0.00;0.00;0.91;2023-09-29 07:00:00+02:00;9.00;339.00;11.00;328.00;2023-09-29 05:00:00+00:00;52.00;51.00;52.00
2023-09-29;8;100.00;-0.87;0.00;0.00;0.91;2023-09-29 08:00:00+02:00;9.00;342.00;9.00;333.00;2023-09-29 06:00:00+00:00;52.00;52.00;52.00
2023-09-29;9;100.00;-0.87;0.00;0.00;0.91;2023-09-29 09:00:00+02:00;9.00;402.00;7.00;395.00;2023-09-29 07:00:00+00:00;51.00;50.00;51.00
2023-09-29;10;100.00;-0.87;0.00;0.00;0.91;2023-09-29 10:00:00+02:00;9.00;460.00;12.00;448.00;2023-09-29 08:00:00+00:00;52.00;53.00;52.00
2023-09-29;11;100.00;-0.87;0.00;0.00;0.91;2023-09-29 11:00:00+02:00;9.00;476.00;12.00;464.00;2023-09-29 09:00:00+00:00;50.00;50.00;50.00
2023-09-29;12;100.00;-0.87;0.00;0.00;0.91;2023-09-29 12:00:00+02:00;9.00;548.00;12.00;536.00;2023-09-29 10:00:00+00:00;49.00;48.00;49.00
2023-09-29;13;100.00;-0.87;0.00;0.00;0.91;2023-09-29 13:00:00+02:00;9.00;598.00;21.00;577.00;2023-09-29 11:00:00+00:00;43.00;36.00;43.00
2023-09-29;14;100.00;-0.87;0.00;0.00;0.91;2023-09-29 14:00:00+02:00;9.00;533.00;25.00;508.00;2023-09-29 12:00:00+00:00;17.00;16.00;17.00
2023-09-29;15;100.00;-0.87;0.00;0.00;0.91;2023-09-29 15:00:00+02:00;9.00;619.00;28.00;591.00;2023-09-29 13:00:00+00:00;23.00;21.00;23.00
2023-09-29;16;100.00;-0.87;0.00;0.00;0.91;2023-09-29 16:00:00+02:00;9.00;641.00;11.00;630.00;2023-09-29 14:00:00+00:00;48.00;47.00;48.00
2023-09-29;17;100.00;-0.87;0.00;0.00;0.91;2023-09-29 17:00:00+02:00;9.00;532.00;8.00;524.00;2023-09-29 15:00:00+00:00;54.00;53.00;54.00
2023-09-29;18;100.00;-0.87;0.00;0.00;0.91;2023-09-29 18:00:00+02:00;9.00;481.00;7.00;474.00;2023-09-29 16:00:00+00:00;51.00;51.00;51.00
2023-09-29;19;100.00;-0.87;0.00;0.00;0.91;2023-09-29 19:00:00+02:00;9.00;405.00;0.00;405.00;2023-09-29 17:00:00+00:00;50.00;NaN;50.00
2023-09-29;20;100.00;-0.87;0.00;0.00;0.91;2023-09-29 20:00:00+02:00;9.00;360.00;1.00;359.00;2023-09-29 18:00:00+00:00;50.00;53.00;50.00
2023-09-29;21;100.00;-0.87;0.00;0.00;0.91;2023-09-29 21:00:00+02:00;9.00;261.00;1.00;260.00;2023-09-29 19:00:00+00:00;53.00;55.00;53.00
2023-09-29;22;100.00;-0.87;0.00;0.00;0.91;2023-09-29 22:00:00+02:00;9.00;235.00;0.00;235.00;2023-09-29 20:00:00+00:00;51.00;NaN;51.00
2023-09-29;23;83.00;-0.87;0.00;0.00;0.91;2023-09-29 23:00:00+02:00;9.00;185.00;0.00;185.00;2023-09-29 21:00:00+00:00;54.00;NaN;54.00
2023-09-30;0;100.00;-0.87;0.00;0.00;0.91;2023-09-30 00:00:00+02:00;9.00;149.00;1.00;148.00;2023-09-29 22:00:00+00:00;54.00;53.00;54.00
2023-09-30;1;100.00;-0.87;0.00;0.00;0.91;2023-09-30 01:00:00+02:00;9.00;75.00;2.00;73.00;2023-09-29 23:00:00+00:00;58.00;56.00;58.00
2023-09-30;2;100.00;-0.59;-1.57;0.00;0.93;2023-09-30 02:00:00+02:00;9.00;85.00;0.00;85.00;2023-09-30 00:00:00+00:00;55.00;NaN;55.00
2023-09-30;3;100.00;-0.59;-1.57;0.00;0.93;2023-09-30 03:00:00+02:00;9.00;32.00;0.00;32.00;2023-09-30 01:00:00+00:00;56.00;NaN;56.00
2023-09-30;4;100.00;-0.59;-1.57;0.00;0.93;2023-09-30 04:00:00+02:00;9.00;33.00;2.00;31.00;2023-09-30 02:00:00+00:00;54.00;52.00;54.00
2023-09-30;5;100.00;-0.59;-1.57;0.00;0.93;2023-09-30 05:00:00+02:00;9.00;51.00;1.00;50.00;2023-09-30 03:00:00+00:00;56.00;55.00;56.00
2023-09-30;6;100.00;-0.59;-1.57;0.00;0.93;2023-09-30 06:00:00+02:00;9.00;62.00;1.00;61.00;2023-09-30 04:00:00+00:00;55.00;53.00;55.00
2023-09-30;7;100.00;-0.59;-1.57;0.00;0.93;2023-09-30 07:00:00+02:00;9.00;78.00;3.00;75.00;2023-09-30 05:00:00+00:00;54.00;52.00;54.00
2023-09-30;8;100.00;-0.59;-1.57;0.00;0.93;2023-09-30 08:00:00+02:00;9.00;127.00;2.00;125.00;2023-09-30 06:00:00+00:00;55.00;53.00;55.00
2023-09-30;9;100.00;-0.59;-1.57;0.00;0.93;2023-09-30 09:00:00+02:00;9.00;227.00;3.00;224.00;2023-09-30 07:00:00+00:00;54.00;53.00;54.00
2023-09-30;10;100.00;-0.59;-1.57;0.00;0.93;2023-09-30 10:00:00+02:00;9.00;320.00;4.00;316.00;2023-09-30 08:00:00+00:00;54.00;55.00;54.00
2023-09-30;11;100.00;-0.59;-1.57;0.00;0.93;2023-09-30 11:00:00+02:00;9.00;373.00;5.00;368.00;2023-09-30 09:00:00+00:00;55.00;54.00;55.00
2023-09-30;12;100.00;-0.59;-1.57;0.00;0.93;2023-09-30 12:00:00+02:00;9.00;434.00;4.00;430.00;2023-09-30 10:00:00+00:00;55.00;56.00;55.00
2023-09-30;13;100.00;-0.59;-1.57;0.00;0.93;2023-09-30 13:00:00+02:00;9.00;465.00;8.00;457.00;2023-09-30 11:00:00+00:00;54.00;53.00;54.00
2023-09-30;14;100.00;-0.59;-1.57;0.00;0.93;2023-09-30 14:00:00+02:00;9.00;456.00;5.00;451.00;2023-09-30 12:00:00+00:00;55.00;56.00;55.00
2023-09-30;15;100.00;-0.59;-1.57;0.00;0.93;2023-09-30 15:00:00+02:00;9.00;426.00;2.00;424.00;2023-09-30 13:00:00+00:00;55.00;53.00;55.00
2023-09-30;16;100.00;-0.59;-1.57;0.00;0.93;2023-09-30 16:00:00+02:00;9.00;379.00;7.00;372.00;2023-09-30 14:00:00+00:00;55.00;56.00;55.00
2023-09-30;17;100.00;-0.59;-1.57;0.00;0.93;2023-09-30 17:00:00+02:00;9.00;368.00;2.00;366.00;2023-09-30 15:00:00+00:00;53.00;52.00;53.00
2023-09-30;18;100.00;-0.59;-1.57;0.00;0.93;2023-09-30 18:00:00+02:00;9.00;393.00;3.00;390.00;2023-09-30 16:00:00+00:00;53.00;53.00;53.00
2023-09-30;19;100.00;-0.59;-1.57;0.00;0.93;2023-09-30 19:00:00+02:00;9.00;351.00;2.00;349.00;2023-09-30 17:00:00+00:00;52.00;52.00;52.00
2023-09-30;20;100.00;-0.59;-1.57;0.00;0.93;2023-09-30 20:00:00+02:00;9.00;299.00;2.00;297.00;2023-09-30 18:00:00+00:00;51.00;52.00;51.00
2023-09-30;21;100.00;-0.59;-1.57;0.00;0.93;2023-09-30 21:00:00+02:00;9.00;220.00;0.00;220.00;2023-09-30 19:00:00+00:00;54.00;NaN;54.00
2023-09-30;22;100.00;-0.59;-1.57;0.00;0.93;2023-09-30 22:00:00+02:00;9.00;220.00;1.00;219.00;2023-09-30 20:00:00+00:00;54.00;52.00;54.00
2023-09-30;23;100.00;-0.59;-1.57;0.00;0.93;2023-09-30 23:00:00+02:00;9.00;179.00;2.00;177.00;2023-09-30 21:00:00+00:00;54.00;51.00;54.00
